StockistCode,StateID,StateName,DistrictName,CityName,CityID,RMName,DGMName
AIOCDW525,4,BIHAR,SUPAUL,SUPAUL,1170,VACANCY,VACANCY
AIOCDW530,4,BIHAR,SAHARSA,SAHARSA,26,VACANCY,VACANCY
AIOCDW569,2,ANDHRA PRADESH,CHITTOOR,TIRUPATI,798,VACANCY,VACANCY
AIOCDW504,18,RAJASTHAN,SIKAR,SIKAR,92,VACANCY,VACANCY
AIOCDW535,19,TAMIL NADU,VELLORE,VELLORE,654,VACANCY,VACANCY
AIOCDW537,20,UTTARAKHAND UP WEST,JALAUN              ,ORAI,302,VACANCY,VACANCY
MHPU200604,7,MARATHWADA,PUNE,PUNE,304,VACANCY,VACANCY
MHPU200605,7,MARATHWADA,PUNE,PUNE,304,VACANCY,VACANCY
AIOCDW524,20,UTTARAKHAND UP WEST,LALITPUR,LALITPUR,743,VACANCY,VACANCY
AIOCDW533,8,GUJARAT,VALSAD,VAPI,65,VACANCY,VACANCY
AIOCDW538,17,Punjab & JHC,JALANDHAR,JALANDHAR,33,VACANCY,VACANCY
AIOCDW572,19,TAMIL NADU,TRICHY (TIRUCHIRAPPALLI) ,TRICHY (TIRUCHIRAPPALLI),1166,VACANCY,VACANCY
AIOCDW514,21,UP EAST,FAIZABAD,FAIZABAD,700,VACANCY,VACANCY
AIOCDW540,6,DELHI,EAST DELHI,EAST DELHI,1560,VACANCY,VACANCY
AIOCDW549,21,UP EAST,FAIZABAD,FAIZABAD,700,VACANCY,VACANCY
AIOCDW558,6,DELHI,EAST DELHI,EAST DELHI,1560,VACANCY,VACANCY
AIOCDW585,11,JHARKHAND,EAST SINGHBHUM,JAMSHEDPUR,2111,VACANCY,VACANCY
AIOCDW586,17,Punjab & JHC,SHIMLA,SHIMLA,517,VACANCY,VACANCY
AIOCDW593,21,UP EAST,FAIZABAD,FAIZABAD,700,VACANCY,VACANCY
MHAM200140,24,VIDARBHA,AMRAVATI,AMRAVATI,1172,VACANCY,VACANCY
AIOCDW493,8,GUJARAT,AHMEDABAD,AHMEDABAD,48,VACANCY,VACANCY
AIOCDW347,8,GUJARAT,AHMEDABAD,AHMEDABAD,48,VACANCY,VACANCY
AIOCDW348,8,GUJARAT,AHMEDABAD,AHMEDABAD,48,VACANCY,VACANCY
AIOCDW608,4,BIHAR,KATIHAR,KATIHAR,17,VACANCY,VACANCY
AIOCDW640,15,MADHYA PRADESH,KATNI,KATNI,211,VACANCY,VACANCY
AIOCDW663,8,GUJARAT,SURENDRANAGAR,DHRANGADHRA,1539,VACANCY,VACANCY
AIOCDW626,17,Punjab & JHC,JAMMU,JAMMU,261,VACANCY,VACANCY
AIOCDW627,20,UTTARAKHAND UP WEST,BHADOHI(SANT RAVIDAS NAGAR),BHADOHI,2190,VACANCY,VACANCY
AIOCDW495,22,WEST BENGAL REST,DAKSHIN DINAJPUR,BALURGHAT,814,VACANCY,VACANCY
AIOCDW605,8,GUJARAT,AHMEDABAD,AHMEDABAD,48,VACANCY,VACANCY
AIOCDW607,8,GUJARAT,AHMEDABAD,AHMEDABAD,48,VACANCY,VACANCY
AIOCDW612,8,GUJARAT,AHMEDABAD,AHMEDABAD,48,VACANCY,VACANCY
AIOCDW614,8,GUJARAT,AHMEDABAD,AHMEDABAD,48,VACANCY,VACANCY
AIOCDW618,8,GUJARAT,AHMEDABAD,AHMEDABAD,48,VACANCY,VACANCY
MHPU200606,7,MARATHWADA,PUNE,PUNE,304,VACANCY,VACANCY
MHPU200608,7,MARATHWADA,PUNE,PUNE,304,VACANCY,VACANCY
MHAM200141,24,VIDARBHA,AMRAVATI,AMRAVATI,1172,VACANCY,VACANCY
AIOCDW644,19,TAMIL NADU,DINDIGUL,DINDIGUL,697,VACANCY,VACANCY
AIOCDW651,8,GUJARAT,AHMEDABAD,AHMEDABAD,48,VACANCY,VACANCY
AIOCDW491,19,TAMIL NADU,TRICHY (TIRUCHIRAPPALLI) ,TRICHY (TIRUCHIRAPPALLI),1166,VACANCY,VACANCY
AIOCDW965,6,DELHI,SOUTH DELHI,SOUTH DELHI,1562,VACANCY,VACANCY
AIOCDW976,6,DELHI,EAST DELHI,EAST DELHI,1560,VACANCY,VACANCY
AIOCDW981,21,UP EAST,FAIZABAD,FAIZABAD,700,VACANCY,VACANCY
AIOCDW982,21,UP EAST,FAIZABAD,FAIZABAD,700,VACANCY,VACANCY
AIOCDW994,14,KARNATAKA,BELGAVI (BELGAUM),GOKAK,348,VACANCY,VACANCY
AIOCDX059,11,JHARKHAND,EAST SINGHBHUM,JAMSHEDPUR,2111,VACANCY,VACANCY
AIOCDX073,20,UTTARAKHAND UP WEST,FARRUKHABAD,KAIMGANJ,725,VACANCY,VACANCY
AIOCDW843,8,GUJARAT,AHMEDABAD,AHMEDABAD,48,VACANCY,VACANCY
AIOCDW856,8,GUJARAT,AHMEDABAD,AHMEDABAD,48,VACANCY,VACANCY
AIOCDW858,8,GUJARAT,AHMEDABAD,AHMEDABAD,48,VACANCY,VACANCY
AIOCDW859,8,GUJARAT,AHMEDABAD,AHMEDABAD,48,VACANCY,VACANCY
AIOCDW921,4,BIHAR,WEST CHAMPARAN,BETTIAH,72,VACANCY,VACANCY
AIOCDX048,1,TELANGANA,JAGTIAL,JAGTIAL,578,VACANCY,VACANCY
AIOCDX063,16,ODISHA,KORAPUT,JEYPORE,585,VACANCY,VACANCY
AIOCDX151,1,TELANGANA,JAGTIAL,JAGTIAL,578,VACANCY,VACANCY
AIOCDX167,17,Punjab & JHC,LUDHIANA,LUDHIANA,35,VACANCY,VACANCY
AIOCDX168,17,Punjab & JHC,LUDHIANA,LUDHIANA,35,VACANCY,VACANCY
AIOCDX169,17,Punjab & JHC,LUDHIANA,LUDHIANA,35,VACANCY,VACANCY
AIOCDX083,9,HARYANA,KARNAL,KARNAL,7,VACANCY,VACANCY
AIOCDX084,9,HARYANA,KARNAL,KARNAL,7,VACANCY,VACANCY
AIOCDX088,2,ANDHRA PRADESH,NELLORE,NELLORE,247,VACANCY,VACANCY
AIOCDX094,6,DELHI,SOUTH DELHI,SOUTH DELHI,1562,VACANCY,VACANCY
AIOCDX097,6,DELHI,EAST DELHI,EAST DELHI,1560,VACANCY,VACANCY
AIOCDX098,6,DELHI,SOUTH DELHI,SOUTH DELHI,1562,VACANCY,VACANCY
AIOCDX101,9,HARYANA,KARNAL,KARNAL,7,VACANCY,VACANCY
AIOCDX185,8,GUJARAT,AHMEDABAD,AHMEDABAD,48,VACANCY,VACANCY
AIOCDX197,17,Punjab & JHC,SRI MUKTSAR,SRI MUKTSAR,608,VACANCY,VACANCY
AIOCDX198,17,Punjab & JHC,SRI MUKTSAR,SRI MUKTSAR,608,VACANCY,VACANCY
AIOCDX209,2,ANDHRA PRADESH,NELLORE,NELLORE,247,VACANCY,VACANCY
MHPU200616,7,MARATHWADA,PUNE,PIMPRI-CHINCHWAD,1191,VACANCY,VACANCY
MHPU200617,7,MARATHWADA,PUNE,HAVELI,2362,VACANCY,VACANCY
AIOCDX170,17,Punjab & JHC,LUDHIANA,LUDHIANA,35,VACANCY,VACANCY
AIOCDX171,2,ANDHRA PRADESH,GUNTUR,MACHERLA,1415,VACANCY,VACANCY
AIOCDW830,11,JHARKHAND,SAHIBGANJ,BARHARWA,679,VACANCY,VACANCY
AIOCDW914,15,MADHYA PRADESH,BARWANI,BARWANI,538,VACANCY,VACANCY
AIOCDW823,14,KARNATAKA,BELGAVI (BELGAUM),BELGAVI (BELGAUM),539,VACANCY,VACANCY
AIOCDW876,21,UP EAST,MAHARAJGANJ,ANAND NAGAR,2724,VACANCY,VACANCY
AIOCDW933,21,UP EAST,MAHARAJGANJ,MAHARAJGANJ,1066,VACANCY,VACANCY
AIOCDW905,23,KOLKATA,24 PARGANAS NORTH,BARASAT,535,VACANCY,VACANCY
AIOCDW922,20,UTTARAKHAND UP WEST,BHADOHI(SANT RAVIDAS NAGAR),BHADOHI,2190,VACANCY,VACANCY
AIOCDX110,19,TAMIL NADU,VELLORE,VELLORE,654,VACANCY,VACANCY
AIOCDX158,9,HARYANA,KURUKSHETRA,KURUKSHETRA,1063,VACANCY,VACANCY
AIOCDX216,20,UTTARAKHAND UP WEST,JALAUN              ,ORAI,302,VACANCY,VACANCY
AIOCDX217,19,TAMIL NADU,DINDIGUL,PALANI,497,VACANCY,VACANCY
AIOCDW509,21,UP EAST,LUCKNOW,LUCKNOW,204,VACANCY,VACANCY
AIOCDW527,20,UTTARAKHAND UP WEST,KANPUR,KANPUR,219,VACANCY,VACANCY
AIOCDW547,17,Punjab & JHC,FARIDKOT,FARIDKOT,702,VACANCY,VACANCY
AIOCDW584,21,UP EAST,LUCKNOW,LUCKNOW,204,VACANCY,VACANCY
AIOCDW528,2,ANDHRA PRADESH,PRAKASAM,ONGOLE,496,VACANCY,VACANCY
AIOCDW553,1,TELANGANA,HYDERABAD,HYDERABAD,855,VACANCY,VACANCY
AIOCDW561,1,TELANGANA,HYDERABAD,HYDERABAD,855,VACANCY,VACANCY
AIOCDW574,1,TELANGANA,HYDERABAD,HYDERABAD,855,VACANCY,VACANCY
AIOCDW598,22,WEST BENGAL REST,BIRBHUM,BOLPUR,170,VACANCY,VACANCY
MHWS200039,24,VIDARBHA,WASHIM,WASHIM,1256,VACANCY,VACANCY
AIOCDW521,15,MADHYA PRADESH,INDORE,MHOW,301,VACANCY,VACANCY
AIOCDW517,20,UTTARAKHAND UP WEST,DEHRADUN,DEHRADUN,116,VACANCY,VACANCY
AIOCDW546,20,UTTARAKHAND UP WEST,BAREILLY,BAREILLY,113,VACANCY,VACANCY
AIOCDW548,20,UTTARAKHAND UP WEST,DEHRADUN,DEHRADUN,116,VACANCY,VACANCY
AIOCDW600,20,UTTARAKHAND UP WEST,BAREILLY,BAREILLY,113,VACANCY,VACANCY
AIOCDW560,22,WEST BENGAL REST,JALPAIGURI,BIRPARA,548,VACANCY,VACANCY
AIOCDW523,6,DELHI,NEW DELHI,NEW DELHI,1918,VACANCY,VACANCY
AIOCDW581,6,DELHI,NEW DELHI,NEW DELHI,1918,VACANCY,VACANCY
MHWS200041,12,MUMBAI,PALGHAR,VASAI-VIRAR,1202,VACANCY,VACANCY
AIOCDW594,6,DELHI,NEW DELHI,NEW DELHI,1918,VACANCY,VACANCY
MHWS200042,12,MUMBAI,PALGHAR,NALA SOPARA,1930,VACANCY,VACANCY
MHWD200056,24,VIDARBHA,WARDHA,WARDHA,530,VACANCY,VACANCY
AIOCDW354,15,MADHYA PRADESH,INDORE,INDORE,103,VACANCY,VACANCY
AIOCDW503,15,MADHYA PRADESH,BHOPAL,BHOPAL,100,VACANCY,VACANCY
AIOCDW655,8,GUJARAT,RAJKOT,UPLETA,44,VACANCY,VACANCY
AIOCDW633,22,WEST BENGAL REST,BARDHAMAN,BARDHAMAN,1366,VACANCY,VACANCY
AIOCDW498,20,UTTARAKHAND UP WEST,KANPUR,KANPUR,219,VACANCY,VACANCY
AIOCDW654,8,GUJARAT,RAJKOT,RAJKOT,45,VACANCY,VACANCY
AIOCDW656,15,MADHYA PRADESH,INDORE,INDORE,103,VACANCY,VACANCY
AIOCDW657,21,UP EAST,LUCKNOW,LUCKNOW,204,VACANCY,VACANCY
AIOCDW668,21,UP EAST,LUCKNOW,LUCKNOW,204,VACANCY,VACANCY
MHWS200044,12,MUMBAI,PALGHAR,VASAI-VIRAR,1202,VACANCY,VACANCY
MHBU200100,24,VIDARBHA,BULDHANA,BULDHANA,1553,VACANCY,VACANCY
AIOCDW470,8,GUJARAT,KUTCH,BHUJ,58,VACANCY,VACANCY
AIOCDW643,4,BIHAR,PATNA,PATNA,23,VACANCY,VACANCY
AIOCDW659,15,MADHYA PRADESH,BHOPAL,BHOPAL,100,VACANCY,VACANCY
AIOCDW666,6,DELHI,NEW DELHI,NEW DELHI,1918,VACANCY,VACANCY
AIOCDW961,14,KARNATAKA,DAVANGERE,DAVANGERE,835,VACANCY,VACANCY
AIOCDW962,14,KARNATAKA,DAVANGERE,DAVANGERE,835,VACANCY,VACANCY
AIOCDW847,15,MADHYA PRADESH,BHOPAL,BHOPAL,100,VACANCY,VACANCY
AIOCDW889,6,DELHI,NEW DELHI,NEW DELHI,1918,VACANCY,VACANCY
AIOCDW928,15,MADHYA PRADESH,BHOPAL,BHOPAL,100,VACANCY,VACANCY
AIOCDX138,22,WEST BENGAL REST,BARDHAMAN,KATWA,366,VACANCY,VACANCY
AIOCDX139,22,WEST BENGAL REST,BARDHAMAN,KATWA,366,VACANCY,VACANCY
AIOCDW822,22,WEST BENGAL REST,JALPAIGURI,JALPAIGUDI,2009,VACANCY,VACANCY
AIOCDW826,8,GUJARAT,RAJKOT,RAJKOT,45,VACANCY,VACANCY
AIOCDW837,21,UP EAST,LUCKNOW,LUCKNOW,204,VACANCY,VACANCY
AIOCDW908,22,WEST BENGAL REST,BARDHAMAN,BARDHAMAN,1366,VACANCY,VACANCY
AIOCDW909,22,WEST BENGAL REST,BARDHAMAN,BARDHAMAN,1366,VACANCY,VACANCY
AIOCDX079,20,UTTARAKHAND UP WEST,KANPUR,KANPUR,219,VACANCY,VACANCY
AIOCDX080,20,UTTARAKHAND UP WEST,KANPUR,KANPUR,219,VACANCY,VACANCY
AIOCDX119,20,UTTARAKHAND UP WEST,KANPUR,KANPUR,219,VACANCY,VACANCY
AIOCDX160,21,UP EAST,LUCKNOW,LUCKNOW,204,VACANCY,VACANCY
AIOCDX161,21,UP EAST,LUCKNOW,LUCKNOW,204,VACANCY,VACANCY
AIOCDX162,21,UP EAST,LUCKNOW,LUCKNOW,204,VACANCY,VACANCY
AIOCDX163,21,UP EAST,LUCKNOW,LUCKNOW,204,VACANCY,VACANCY
AIOCDX164,21,UP EAST,LUCKNOW,LUCKNOW,204,VACANCY,VACANCY
AIOCDX165,21,UP EAST,LUCKNOW,LUCKNOW,204,VACANCY,VACANCY
AIOCDX166,21,UP EAST,LUCKNOW,LUCKNOW,204,VACANCY,VACANCY
AIOCDX022,20,UTTARAKHAND UP WEST,HARDOI,HARDOI,120,VACANCY,VACANCY
AIOCDX040,15,MADHYA PRADESH,INDORE,INDORE,103,VACANCY,VACANCY
AIOCDX041,15,MADHYA PRADESH,INDORE,INDORE,103,VACANCY,VACANCY
AIOCDX042,15,MADHYA PRADESH,INDORE,INDORE,103,VACANCY,VACANCY
AIOCDX043,15,MADHYA PRADESH,INDORE,INDORE,103,VACANCY,VACANCY
AIOCDX044,15,MADHYA PRADESH,INDORE,INDORE,103,VACANCY,VACANCY
AIOCDX045,15,MADHYA PRADESH,INDORE,INDORE,103,VACANCY,VACANCY
AIOCDX056,22,WEST BENGAL REST,JALPAIGURI,JALPAIGUDI,2009,VACANCY,VACANCY
AIOCDX057,22,WEST BENGAL REST,JALPAIGURI,JALPAIGUDI,2009,VACANCY,VACANCY
AIOCDW840,20,UTTARAKHAND UP WEST,ETAWAH,ETAWAH,224,VACANCY,VACANCY
AIOCDW848,20,UTTARAKHAND UP WEST,ETAWAH,ETAWAH,224,VACANCY,VACANCY
AIOCDX210,6,DELHI,NEW DELHI,NEW DELHI,1918,VACANCY,VACANCY
AIOCDX220,6,DELHI,NEW DELHI,NEW DELHI,1918,VACANCY,VACANCY
AIOCDW974,22,WEST BENGAL REST,JALPAIGURI,DHUPGURI,695,VACANCY,VACANCY
AIOCDW975,22,WEST BENGAL REST,JALPAIGURI,DHUPGURI,695,VACANCY,VACANCY
AIOCDW985,1,TELANGANA,JOGULAMBA GADWAL,GADWAL,1298,VACANCY,VACANCY
AIOCDW878,22,WEST BENGAL REST,BARDHAMAN,ASANSOL,162,VACANCY,VACANCY
AIOCDW879,22,WEST BENGAL REST,BARDHAMAN,ASANSOL,162,VACANCY,VACANCY
AIOCDW881,22,WEST BENGAL REST,BARDHAMAN,ASANSOL,162,VACANCY,VACANCY
AIOCDW930,20,UTTARAKHAND UP WEST,BIJNOR,BIJNOR,220,VACANCY,VACANCY
AIOCDX200,4,BIHAR,MADHEPURA,MADHEPURA,19,VACANCY,VACANCY
AIOCDX470,6,DELHI,NEW DELHI,NEW DELHI,1918,VACANCY,VACANCY
AIOCDX473,6,DELHI,NEW DELHI,NEW DELHI,1918,VACANCY,VACANCY
AIOCDX086,2,ANDHRA PRADESH,PRAKASAM,ONGOLE,496,VACANCY,VACANCY
AIOCDX111,1,TELANGANA,HYDERABAD,HYDERABAD,855,VACANCY,VACANCY
AIOCDX215,2,ANDHRA PRADESH,PRAKASAM,ONGOLE,496,VACANCY,VACANCY
AIOCDW511,17,Punjab & JHC,AMRITSAR,AMRITSAR,29,VACANCY,VACANCY
AIOCDW508,3,NORTH EAST,KAMRUP METROPOLITAN,GUWAHATI,714,VACANCY,VACANCY
AIOCDW512,3,NORTH EAST,KAMRUP METROPOLITAN,GUWAHATI,714,VACANCY,VACANCY
AIOCDW522,20,UTTARAKHAND UP WEST,GHAZIABAD,GHAZIABAD,119,VACANCY,VACANCY
AIOCDW545,3,NORTH EAST,KAMRUP METROPOLITAN,GUWAHATI,714,VACANCY,VACANCY
AIOCDW589,20,UTTARAKHAND UP WEST,GHAZIABAD,GHAZIABAD,119,VACANCY,VACANCY
AIOCDW536,20,UTTARAKHAND UP WEST,ALIGARH,ALIGARH,112,VACANCY,VACANCY
AIOCDW577,22,WEST BENGAL REST,HOOGHLY,HOOGHLY-CHINSURA,577,VACANCY,VACANCY
AIOCDW603,8,GUJARAT,DAHOD,DAHOD,2175,VACANCY,VACANCY
AIOCDW515,20,UTTARAKHAND UP WEST,GAUTAMBUDH NAGAR,NOIDA,139,VACANCY,VACANCY
AIOCDW520,11,JHARKHAND,RANCHI,RANCHI,197,VACANCY,VACANCY
AIOCDW557,20,UTTARAKHAND UP WEST,GAUTAMBUDH NAGAR,NOIDA,139,VACANCY,VACANCY
AIOCDW516,21,UP EAST,VARANASI,VARANASI,207,VACANCY,VACANCY
AIOCDW531,21,UP EAST,VARANASI,VARANASI,207,VACANCY,VACANCY
AIOCDW350,15,MADHYA PRADESH,REWA,REWA,106,VACANCY,VACANCY
AIOCDW648,20,UTTARAKHAND UP WEST,AZAMGARH,AZAMGARH,1856,VACANCY,VACANCY
AIOCDW647,22,WEST BENGAL REST,UTTAR DINAJPUR,RAIGANJ,281,VACANCY,VACANCY
AIOCDW658,5,CHATTISGARH,DURG,DURG,142,VACANCY,VACANCY
AIOCDW646,2,ANDHRA PRADESH,WEST GODAVARI,BHIMAVARAM,943,VACANCY,VACANCY
AIOCDW635,21,UP EAST,VARANASI,VARANASI,207,VACANCY,VACANCY
AIOCDW642,21,UP EAST,VARANASI,VARANASI,207,VACANCY,VACANCY
AIOCDW645,1,TELANGANA,NIZAMABAD,NIZAMABAD,899,VACANCY,VACANCY
AIOCDW662,8,GUJARAT,MEHSANA,VIJAPUR,658,VACANCY,VACANCY
AIOCDW664,5,CHATTISGARH,DHAMTARI,DHAMTARI,141,VACANCY,VACANCY
AIOCDW665,21,UP EAST,VARANASI,VARANASI,207,VACANCY,VACANCY
AIOCDW653,3,NORTH EAST,KAMRUP METROPOLITAN,GUWAHATI,714,VACANCY,VACANCY
AIOCDW825,11,JHARKHAND,RANCHI,RANCHI,197,VACANCY,VACANCY
AIOCDX095,6,DELHI,CENTRAL DELHI,CENTRAL DELHI,1559,VACANCY,VACANCY
AIOCDX113,1,TELANGANA,MANCHERIAL,MANCHERIAL,1292,VACANCY,VACANCY
MHNK200317,7,MARATHWADA,NASHIK,LASALGAON,1217,VACANCY,VACANCY
MHNK200318,7,MARATHWADA,NASHIK,NASHIK,1235,VACANCY,VACANCY
AIOCDX213,20,UTTARAKHAND UP WEST,GAUTAMBUDH NAGAR,NOIDA,139,VACANCY,VACANCY
AIOCDW989,20,UTTARAKHAND UP WEST,GHAZIABAD,GHAZIABAD,119,VACANCY,VACANCY
AIOCDW990,20,UTTARAKHAND UP WEST,GHAZIABAD,GHAZIABAD,119,VACANCY,VACANCY
AIOCDX010,3,NORTH EAST,KAMRUP METROPOLITAN,GUWAHATI,714,VACANCY,VACANCY
AIOCDX011,3,NORTH EAST,KAMRUP METROPOLITAN,GUWAHATI,714,VACANCY,VACANCY
AIOCDX012,3,NORTH EAST,KAMRUP METROPOLITAN,GUWAHATI,714,VACANCY,VACANCY
AIOCDX060,2,ANDHRA PRADESH,WEST GODAVARI,ELURU,343,VACANCY,VACANCY
AIOCDX085,19,TAMIL NADU,KARUR,KARUR,363,VACANCY,VACANCY
AIOCDX129,20,UTTARAKHAND UP WEST,GHAZIABAD,GHAZIABAD,119,VACANCY,VACANCY
AIOCDW841,14,KARNATAKA,TUMAKURU,TUMAKURU (TUMKUR),528,VACANCY,VACANCY
AIOCDW842,14,KARNATAKA,VIJAYAPURA (BIJAPUR),VIJAYAPURA (BIJAPUR),546,VACANCY,VACANCY
AIOCDW868,17,Punjab & JHC,AMRITSAR,AMRITSAR,29,VACANCY,VACANCY
AIOCDW870,17,Punjab & JHC,AMRITSAR,AMRITSAR,29,VACANCY,VACANCY
AIOCDW871,17,Punjab & JHC,AMRITSAR,AMRITSAR,29,VACANCY,VACANCY
AIOCDW906,20,UTTARAKHAND UP WEST,BAGHPAT,BARAUT,412,VACANCY,VACANCY
AIOCDW907,20,UTTARAKHAND UP WEST,BAGHPAT,BARAUT,412,VACANCY,VACANCY
AIOCDX089,2,ANDHRA PRADESH,WEST GODAVARI,TANUKU,522,VACANCY,VACANCY
AIOCDX172,4,BIHAR,MADHUBANI,MADHUBANI,20,VACANCY,VACANCY
AIOCDX179,3,NORTH EAST,DARRANG,MANGALDOI,889,VACANCY,VACANCY
AIOCDW993,11,JHARKHAND,GODDA,GODDA,347,VACANCY,VACANCY
AIOCDX020,15,MADHYA PRADESH,HARDA,HARDA,350,VACANCY,VACANCY
AIOCDX021,15,MADHYA PRADESH,HARDA,HARDA,350,VACANCY,VACANCY
AIOCDW833,20,UTTARAKHAND UP WEST,GHAZIABAD,GHAZIABAD,119,VACANCY,VACANCY
AIOCDW872,13,KERALA,KOZHIKODE,KOZHIKODE (CALICUT),2215,VACANCY,VACANCY
AIOCDW883,4,BIHAR,AURANGABAD (BIHAR),AURANGABAD(BH),938,VACANCY,VACANCY
AIOCDW884,4,BIHAR,AURANGABAD (BIHAR),AURANGABAD(BH),938,VACANCY,VACANCY
AIOCDW925,17,Punjab & JHC,TARN TARAN,TARN TARAN SAHIB,1767,VACANCY,VACANCY
AIOCDX202,19,TAMIL NADU,KARUR,KARUR,363,VACANCY,VACANCY
MHNK200321,7,MARATHWADA,NASHIK,NASHIK,1235,VACANCY,VACANCY
MHNK200322,7,MARATHWADA,NASHIK,NASHIK,1235,VACANCY,VACANCY
AIOCDX115,20,UTTARAKHAND UP WEST,ALIGARH,ALIGARH,112,VACANCY,VACANCY
MHSO200285,7,MARATHWADA,SOLAPUR,SOLAPUR,645,VACANCY,VACANCY
AIOCDW821,14,KARNATAKA,DHARWAD,DHARWAD,561,VACANCY,VACANCY
MHSO200284,7,MARATHWADA,SOLAPUR,AKLUJ,312,VACANCY,VACANCY
AIOCDW882,20,UTTARAKHAND UP WEST,ALIGARH,ALIGARH,112,VACANCY,VACANCY
AIOCDW941,22,WEST BENGAL REST,HOOGHLY,HOOGHLY-CHINSURA,577,VACANCY,VACANCY
AIOCDY471,7,MARATHWADA,SOLAPUR,AKLUJ,312,VACANCY,VACANCY
MHSG200289,7,MARATHWADA,SOLAPUR,SOLAPUR,645,VACANCY,VACANCY
AIOCDX699,22,WEST BENGAL REST,HOOGHLY,HOOGHLY-CHINSURA,577,VACANCY,VACANCY
AIOCDX700,22,WEST BENGAL REST,HOOGHLY,HOOGHLY-CHINSURA,577,VACANCY,VACANCY
AIOCDX610,20,UTTARAKHAND UP WEST,ALIGARH,ALIGARH,112,VACANCY,VACANCY
AIOCDX611,20,UTTARAKHAND UP WEST,ALIGARH,ALIGARH,112,VACANCY,VACANCY
AIOCDY929,1,TELANGANA,ANANTAPUR,ANANTAPUR,811,VACANCY,VACANCY
AIOCDY958,18,RAJASTHAN,UDAIPUR,UDAIPUR(RJ),94,VACANCY,VACANCY
AIOCDZ015,8,GUJARAT,DAHOD,DAHOD,2175,VACANCY,VACANCY
AIOCDZ035,22,WEST BENGAL REST,HOOGHLY,HOOGHLY-CHINSURA,577,VACANCY,VACANCY
MHNK200333,7,MARATHWADA,NASHIK,MALEGAON,1222,VACANCY,VACANCY
MHSG200294,7,MARATHWADA,SANGLI,SANGLI,512,VACANCY,VACANCY
AIOCDAB41,20,UTTARAKHAND UP WEST,ALIGARH,ALIGARH,112,VACANCY,VACANCY
AIOCDAB57,1,TELANGANA,ANANTAPUR,ANANTAPUR,811,VACANCY,VACANCY
AIOCDAB58,1,TELANGANA,ANANTAPUR,ANANTAPUR,811,VACANCY,VACANCY
AIOCDW543,18,RAJASTHAN,JAIPUR,JAIPUR,87,VACANCY,VACANCY
AIOCDW552,18,RAJASTHAN,JAIPUR,JAIPUR,87,VACANCY,VACANCY
AIOCDW559,21,UP EAST,GORAKHPUR,GORAKHPUR,203,VACANCY,VACANCY
AIOCDW590,21,UP EAST,GORAKHPUR,GORAKHPUR,203,VACANCY,VACANCY
MHWS200040,12,MUMBAI,MUMBAI,MUMBAI,425,VACANCY,VACANCY
MHNG200350,24,VIDARBHA,NAGPUR,NAGPUR,490,VACANCY,VACANCY
MHMU201218,12,MUMBAI,MUMBAI,MUMBAI,425,VACANCY,VACANCY
AIOCDW507,19,TAMIL NADU,THANJAVUR,THANJAVUR,244,VACANCY,VACANCY
AIOCDW563,23,KOLKATA,HOWRAH,HOWRAH,177,VACANCY,VACANCY
AIOCDW588,23,KOLKATA,HOWRAH,HOWRAH,177,VACANCY,VACANCY
AIOCDW513,18,RAJASTHAN,BHILWARA,BHILWARA,84,VACANCY,VACANCY
AIOCDW529,8,GUJARAT,ANAND,ANAND,53,VACANCY,VACANCY
AIOCDW541,6,DELHI,WEST DELHI,WEST DELHI,1563,VACANCY,VACANCY
AIOCDW544,14,KARNATAKA,BENGALURU,BENGALURU(BANGALORE),236,VACANCY,VACANCY
AIOCDW565,14,KARNATAKA,BENGALURU,BENGALURU(BANGALORE),236,VACANCY,VACANCY
AIOCDW571,14,KARNATAKA,BENGALURU,BENGALURU(BANGALORE),236,VACANCY,VACANCY
AIOCDW583,17,Punjab & JHC,FEROZEPUR,FEROZEPUR,79,VACANCY,VACANCY
AIOCDW587,14,KARNATAKA,BENGALURU,BENGALURU(BANGALORE),236,VACANCY,VACANCY
AIOCDW595,19,TAMIL NADU,TIRUPPUR(TIRUPUR),UDUMALPET(UDUMALAIPETTAI),1330,VACANCY,VACANCY
AIOCDW532,14,KARNATAKA,MYSURU,MYSURU,274,VACANCY,VACANCY
AIOCDW567,1,TELANGANA,KURNOOL,KURNOOL,250,VACANCY,VACANCY
AIOCDW497,18,RAJASTHAN,JAIPUR,JAIPUR,87,VACANCY,VACANCY
MHAU200260,7,MARATHWADA,AURANGABAD (MH),AURANGABAD(MH),1175,VACANCY,VACANCY
MHAU200261,7,MARATHWADA,AURANGABAD (MH),AURANGABAD(MH),1175,VACANCY,VACANCY
MHMU201216,12,MUMBAI,MUMBAI,MUMBAI,425,VACANCY,VACANCY
AIOCDW650,15,MADHYA PRADESH,JABALPUR,JABALPUR,104,VACANCY,VACANCY
AIOCDW649,14,KARNATAKA,BENGALURU,BENGALURU(BANGALORE),236,VACANCY,VACANCY
AIOCDW667,8,GUJARAT,ANAND,PETLAD,2173,VACANCY,VACANCY
AIOCDW613,8,GUJARAT,SURAT,SURAT,47,VACANCY,VACANCY
AIOCDW615,8,GUJARAT,SURAT,SURAT,47,VACANCY,VACANCY
AIOCDW616,8,GUJARAT,SURAT,SURAT,47,VACANCY,VACANCY
AIOCDW617,8,GUJARAT,SURAT,SURAT,47,VACANCY,VACANCY
AIOCDW624,8,GUJARAT,SURAT,SURAT,47,VACANCY,VACANCY
AIOCDW634,8,GUJARAT,SURAT,SURAT,47,VACANCY,VACANCY
AIOCDW636,8,GUJARAT,SURAT,SURAT,47,VACANCY,VACANCY
MHMU201219,12,MUMBAI,MUMBAI,MUMBAI,425,VACANCY,VACANCY
AIOCDW501,22,WEST BENGAL REST,PASCHIM MEDINIPUR,MEDINIPUR(MIDNAPORE),180,VACANCY,VACANCY
AIOCDW997,4,BIHAR,GOPALGANJ,GOPALGANJ,74,VACANCY,VACANCY
AIOCDW998,4,BIHAR,GOPALGANJ,GOPALGANJ,74,VACANCY,VACANCY
AIOCDW824,4,BIHAR,GOPALGANJ,GOPALGANJ,74,VACANCY,VACANCY
AIOCDW831,7,MARATHWADA,SOUTH GOA,MARGAO,1225,VACANCY,VACANCY
AIOCDW839,20,UTTARAKHAND UP WEST,U.S. NAGAR,KASHIPUR,133,VACANCY,VACANCY
AIOCDW874,23,KOLKATA,HOWRAH,AMTA,2162,VACANCY,VACANCY
AIOCDW935,21,UP EAST,CHANDAULI,CHANDAULI,1275,VACANCY,VACANCY
AIOCDW949,2,ANDHRA PRADESH,KADAPA,KADAPA,454,VACANCY,VACANCY
AIOCDW963,4,BIHAR,ROHTAS,DEHRI ON SONE,1514,VACANCY,VACANCY
MHGJ200048,7,MARATHWADA,JALGAON,JALGAON,580,VACANCY,VACANCY
AIOCDX103,11,JHARKHAND,GARHWA,GARHWA,437,VACANCY,VACANCY
AIOCDX104,14,KARNATAKA,BENGALURU,BENGALURU(BANGALORE),236,VACANCY,VACANCY
AIOCDX107,17,Punjab & JHC,FEROZEPUR,FEROZEPUR,79,VACANCY,VACANCY
AIOCDX145,20,UTTARAKHAND UP WEST,U.S. NAGAR,KICHHA,134,VACANCY,VACANCY
AIOCDX173,1,TELANGANA,WARANGAL,WARANGAL,803,VACANCY,VACANCY
AIOCDX175,20,UTTARAKHAND UP WEST,MAINPURI,MAINPURI,747,VACANCY,VACANCY
AIOCDW918,14,KARNATAKA,BENGALURU,BENGALURU(BANGALORE),236,VACANCY,VACANCY
AIOCDW926,18,RAJASTHAN,BHILWARA,BHILWARA,84,VACANCY,VACANCY
AIOCDX206,6,DELHI,WEST DELHI,WEST DELHI,1563,VACANCY,VACANCY
AIOCDW819,17,Punjab & JHC,CHANDIGARH,CHANDIGARH,69,VACANCY,VACANCY
AIOCDW820,21,UP EAST,BASTI,BASTI,201,VACANCY,VACANCY
AIOCDW916,21,UP EAST,BASTI,BASTI,201,VACANCY,VACANCY
AIOCDX117,20,UTTARAKHAND UP WEST,JHANSI,JHANSI,452,VACANCY,VACANCY
AIOCDX125,21,UP EAST,BASTI,BASTI,201,VACANCY,VACANCY
AIOCDX218,7,MARATHWADA,NORTH GOA,PANJI,1237,VACANCY,VACANCY
MHMU201232,12,MUMBAI,MUMBAI,MUMBAI,425,VACANCY,VACANCY
MHMU201233,12,MUMBAI,MUMBAI,MUMBAI,425,VACANCY,VACANCY
AIOCDW943,18,RAJASTHAN,CHURU,CHURU,333,VACANCY,VACANCY
AIOCDW944,18,RAJASTHAN,CHURU,CHURU,333,VACANCY,VACANCY
AIOCDX064,18,RAJASTHAN,JHALAWAR,JHALAWAR,723,VACANCY,VACANCY
AIOCDX137,20,UTTARAKHAND UP WEST,U.S. NAGAR,KASHIPUR,133,VACANCY,VACANCY
MHND200086,24,VIDARBHA,NANDED,NANDED,2127,VACANCY,VACANCY
MHNA200107,24,VIDARBHA,NANDED,NANDED,2127,VACANCY,VACANCY
AIOCDX124,20,UTTARAKHAND UP WEST,MUZAFFARNAGAR,MUZAFFARNAGAR,221,VACANCY,VACANCY
AIOCDW838,21,UP EAST,GORAKHPUR,GORAKHPUR,203,VACANCY,VACANCY
AIOCDW846,18,RAJASTHAN,JAIPUR,JAIPUR,87,VACANCY,VACANCY
AIOCDW893,21,UP EAST,BALLIA,BALLIA,410,VACANCY,VACANCY
AIOCDW405,21,UP EAST,GORAKHPUR,GORAKHPUR,203,VACANCY,VACANCY
AIOCDW427,19,TAMIL NADU,TIRUVANNAMALAI,TIRUVANNAMALAI,1148,VACANCY,VACANCY
AIOCDY506,20,UTTARAKHAND UP WEST,MUZAFFARNAGAR,MUZAFFARNAGAR,221,VACANCY,VACANCY
AIOCDY531,21,UP EAST,GORAKHPUR,GORAKHPUR,203,VACANCY,VACANCY
AIOCDY537,21,UP EAST,GORAKHPUR,GORAKHPUR,203,VACANCY,VACANCY
AIOCDW971,8,GUJARAT,BANASKANTHA,DHANERA,1965,VACANCY,VACANCY
AIOCDX705,1,TELANGANA,WARANGAL,WARANGAL,803,VACANCY,VACANCY
AIOCDX706,1,TELANGANA,WARANGAL,WARANGAL,803,VACANCY,VACANCY
AIOCDX707,1,TELANGANA,WARANGAL,WARANGAL,803,VACANCY,VACANCY
AIOCDX751,17,Punjab & JHC,FEROZEPUR,FEROZEPUR,79,VACANCY,VACANCY
AIOCDX508,1,TELANGANA,KURNOOL,NANDYAL,614,VACANCY,VACANCY
AIOCDW554,19,TAMIL NADU,CHENNAI,CHENNAI,238,VACANCY,VACANCY
AIOCDW510,9,HARYANA,GURUGRAM(GURGAON),GURUGRAM(GURGAON),1579,VACANCY,VACANCY
AIOCDW550,3,NORTH EAST,WEST TRIPURA,AGARTALA,659,VACANCY,VACANCY
AIOCDW555,2,ANDHRA PRADESH,KRISHNA,VIJAYAWADA,248,VACANCY,VACANCY
AIOCDW575,2,ANDHRA PRADESH,KRISHNA,VIJAYAWADA,248,VACANCY,VACANCY
AIOCDW576,23,KOLKATA,KOLKATA,KOLKATA,256,VACANCY,VACANCY
AIOCDW573,20,UTTARAKHAND UP WEST,AGRA,AGRA,111,VACANCY,VACANCY
AIOCDW582,9,HARYANA,GURUGRAM(GURGAON),GURUGRAM(GURGAON),1579,VACANCY,VACANCY
TESTING00001,3,NORTH EAST,PAPUM PARE,ITANAGAR,721,VACANCY,VACANCY
AIOCDW568,18,RAJASTHAN,ALWAR,ALWAR,83,VACANCY,VACANCY
AIOCDW570,21,UP EAST,ALLAHABAD           ,ALLAHABAD,198,VACANCY,VACANCY
AIOCDW494,20,UTTARAKHAND UP WEST,AGRA,AGRA,111,VACANCY,VACANCY
AIOCDW351,15,MADHYA PRADESH,UJJAIN,UJJAIN,109,VACANCY,VACANCY
AIOCDW352,15,MADHYA PRADESH,GWALIOR,GWALIOR,102,VACANCY,VACANCY
MHJL200152,24,VIDARBHA,JALNA,JALNA,356,VACANCY,VACANCY
DUMMY0127,19,TAMIL NADU,CHENNAI,Testing,2086,VACANCY,VACANCY
AIOCDW496,22,WEST BENGAL REST,MURSHIDABAD,BERHAMPORE,275,VACANCY,VACANCY
AIOCDW499,23,KOLKATA,KOLKATA,KOLKATA,256,VACANCY,VACANCY
MHST200187,7,MARATHWADA,SATARA,PHALTAN,622,VACANCY,VACANCY
AIOCDW500,22,WEST BENGAL REST,MALDA,MALDA,280,VACANCY,VACANCY
AIOCDW502,13,KERALA,PALAKKAD,PALAKKAD,759,VACANCY,VACANCY
AIOCDW355,15,MADHYA PRADESH,SATNA,SATNA,108,VACANCY,VACANCY
AIOCDW641,22,WEST BENGAL REST,MALDA,MALDA,280,VACANCY,VACANCY
AIOCDW492,19,TAMIL NADU,SALEM,SALEM,243,VACANCY,VACANCY
AIOCDW660,15,MADHYA PRADESH,GWALIOR,GWALIOR,102,VACANCY,VACANCY
AIOCDW632,8,GUJARAT,JUNAGARH,JUNAGARH,1576,VACANCY,VACANCY
AIOCDW639,23,KOLKATA,KOLKATA,KOLKATA,256,VACANCY,VACANCY
AIOCDW631,9,HARYANA,ROHTAK,ROHTAK,9,VACANCY,VACANCY
AIOCDW604,8,GUJARAT,JUNAGARH,JUNAGARH,1576,VACANCY,VACANCY
AIOCDW606,8,GUJARAT,JAMNAGAR,JAMNAGAR,46,VACANCY,VACANCY
AIOCDW628,17,Punjab & JHC,BATHINDA,BATHINDA,30,VACANCY,VACANCY
AIOCDW629,20,UTTARAKHAND UP WEST,MEERUT,MEERUT,123,VACANCY,VACANCY
AIOCDX019,20,UTTARAKHAND UP WEST,HAPUR,HAPUR,349,VACANCY,VACANCY
AIOCDX140,21,UP EAST,ALLAHABAD           ,ALLAHABAD,198,VACANCY,VACANCY
AIOCDX141,21,UP EAST,ALLAHABAD           ,ALLAHABAD,198,VACANCY,VACANCY
AIOCDX176,22,WEST BENGAL REST,MALDA,MALDA,280,VACANCY,VACANCY
AIOCDX190,20,UTTARAKHAND UP WEST,MORADABAD,MORADABAD,124,VACANCY,VACANCY
AIOCDX191,20,UTTARAKHAND UP WEST,MORADABAD,MORADABAD,124,VACANCY,VACANCY
AIOCDX192,20,UTTARAKHAND UP WEST,MORADABAD,MORADABAD,124,VACANCY,VACANCY
AIOCDX193,20,UTTARAKHAND UP WEST,MORADABAD,MORADABAD,124,VACANCY,VACANCY
AIOCDX194,20,UTTARAKHAND UP WEST,MORADABAD,MORADABAD,124,VACANCY,VACANCY
AIOCDW929,14,KARNATAKA,BIDAR,BIDAR,327,VACANCY,VACANCY
AIOCDW854,3,NORTH EAST,WEST TRIPURA,AGARTALA,659,VACANCY,VACANCY
AIOCDW861,18,RAJASTHAN,AJMER,AJMER,82,VACANCY,VACANCY
AIOCDW862,18,RAJASTHAN,AJMER,AJMER,82,VACANCY,VACANCY
AIOCDW863,18,RAJASTHAN,AJMER,AJMER,82,VACANCY,VACANCY
AIOCDW891,22,WEST BENGAL REST,MURSHIDABAD,BERHAMPORE,275,VACANCY,VACANCY
AIOCDW903,21,UP EAST,BARABANKI,BARABANKI,200,VACANCY,VACANCY
AIOCDW919,22,WEST BENGAL REST,MURSHIDABAD,BERHAMPORE,275,VACANCY,VACANCY
AIOCDW920,22,WEST BENGAL REST,MURSHIDABAD,BERHAMPORE,275,VACANCY,VACANCY
AIOCDW937,15,MADHYA PRADESH,DEWAS,CHAPDA,1854,VACANCY,VACANCY
AIOCDW948,22,WEST BENGAL REST,PURBA MEDINIPUR,CONTAI,2102,VACANCY,VACANCY
AIOCDW955,15,MADHYA PRADESH,CHHATARPUR,CHHATARPUR,208,VACANCY,VACANCY
AIOCDW983,22,WEST BENGAL REST,MURSHIDABAD,MURSHIDABAD,181,VACANCY,VACANCY
AIOCDX005,9,HARYANA,GURUGRAM(GURGAON),GURUGRAM(GURGAON),1579,VACANCY,VACANCY
AIOCDX006,9,HARYANA,GURUGRAM(GURGAON),GURUGRAM(GURGAON),1579,VACANCY,VACANCY
AIOCDX007,9,HARYANA,GURUGRAM(GURGAON),GURUGRAM(GURGAON),1579,VACANCY,VACANCY
AIOCDX071,8,GUJARAT,JUNAGARH,JUNAGARH,1576,VACANCY,VACANCY
AIOCDX072,8,GUJARAT,JUNAGARH,JUNAGARH,1576,VACANCY,VACANCY
AIOCDW357,23,KOLKATA,KOLKATA,KOLKATA,256,VACANCY,VACANCY
AIOCDW394,23,KOLKATA,KOLKATA,KOLKATA,256,VACANCY,VACANCY
AIOCDW396,23,KOLKATA,KOLKATA,KOLKATA,256,VACANCY,VACANCY
AIOCDX120,20,UTTARAKHAND UP WEST,MAU,MAU,2019,VACANCY,VACANCY
AIOCDX131,23,KOLKATA,KOLKATA,KOLKATA,256,VACANCY,VACANCY
AIOCDX146,23,KOLKATA,KOLKATA,KOLKATA,256,VACANCY,VACANCY
AIOCDX148,23,KOLKATA,KOLKATA,KOLKATA,256,VACANCY,VACANCY
AIOCDW959,15,MADHYA PRADESH,DATIA,DATIA,336,VACANCY,VACANCY
AIOCDX016,22,WEST BENGAL REST,PURBA MEDINIPUR,HALDIA,2442,VACANCY,VACANCY
AIOCDX017,22,WEST BENGAL REST,PURBA MEDINIPUR,HALDIA,2442,VACANCY,VACANCY
AIOCDX018,22,WEST BENGAL REST,PURBA MEDINIPUR,HALDIA,2442,VACANCY,VACANCY
AIOCDX024,8,GUJARAT,GANDHINAGAR (GUJARAT),GANDHINAGAR,1575,VACANCY,VACANCY
AIOCDX077,8,GUJARAT,GANDHINAGAR (GUJARAT),KALOL,2176,VACANCY,VACANCY
AIOCDX106,16,ODISHA,SUNDERGARH,ROURKELA,161,VACANCY,VACANCY
AIOCDW834,20,UTTARAKHAND UP WEST,KANNAUJ,KANAUJ(KANNAUJ),587,VACANCY,VACANCY
AIOCDW855,20,UTTARAKHAND UP WEST,AGRA,AGRA,111,VACANCY,VACANCY
AIOCDW886,11,JHARKHAND,DEOGHAR,DEOGHAR,560,VACANCY,VACANCY
AIOCDW887,11,JHARKHAND,DEOGHAR,DEOGHAR,560,VACANCY,VACANCY
AIOCDW888,11,JHARKHAND,DEOGHAR,DEOGHAR,560,VACANCY,VACANCY
AIOCDW912,18,RAJASTHAN,BARMER,BARMER,413,VACANCY,VACANCY
AIOCDX091,4,BIHAR,MUNGER,MUNGER,485,VACANCY,VACANCY
AIOCDX109,19,TAMIL NADU,CHENNAI,CHENNAI,238,VACANCY,VACANCY
MHST200189,7,MARATHWADA,SATARA,KARAD,362,VACANCY,VACANCY
AIOCDX199,4,BIHAR,MUNGER,MUNGER,485,VACANCY,VACANCY
AIOCDW849,16,ODISHA,MAYURBHANJ,BARIPADA,680,VACANCY,VACANCY
AIOCDW579,17,Punjab & JHC,MOHALI,ZIRAKPUR,2143,VACANCY,VACANCY
AIOCDW580,14,KARNATAKA,KALBURGI (GULBARGA),KALBURGI (GULBARGA),713,VACANCY,VACANCY
AIOCDW601,20,UTTARAKHAND UP WEST,PILIBHIT,PILIBHIT,126,VACANCY,VACANCY
AIOCDW526,4,BIHAR,BEGUSARAI,BEGUSARAI,12,VACANCY,VACANCY
AIOCDW534,5,CHATTISGARH,RAIGARH,RAIGARH,143,VACANCY,VACANCY
MHAK200091,24,VIDARBHA,AKOLA,AKOLA,313,VACANCY,VACANCY
AIOCDW539,16,ODISHA,KHURDA,BHUBANESHWAR,151,VACANCY,VACANCY
AIOCDW556,16,ODISHA,KHURDA,BHUBANESHWAR,151,VACANCY,VACANCY
AIOCDW592,16,ODISHA,KHURDA,BHUBANESHWAR,151,VACANCY,VACANCY
AIOCDW505,8,GUJARAT,VADODARA (BARODA),VADODARA (BARODA),414,VACANCY,VACANCY
AIOCDW596,17,Punjab & JHC,KANGRA,KANGRA,2439,VACANCY,VACANCY
AIOCDW597,20,UTTARAKHAND UP WEST,MATHURA,MATHURA,122,VACANCY,VACANCY
AIOCDW591,12,MUMBAI,THANE,KALYAN,457,VACANCY,VACANCY
AIOCDW349,5,CHATTISGARH,RAIGARH,RAIGARH,143,VACANCY,VACANCY
MHTH200507,12,MUMBAI,THANE,THANE,393,VACANCY,VACANCY
MHAK200125,24,VIDARBHA,AKOLA,AKOLA,313,VACANCY,VACANCY
MHAK200126,24,VIDARBHA,AKOLA,AKOLA,313,VACANCY,VACANCY
AIOCDW637,20,UTTARAKHAND UP WEST,BAHRAICH,BAHRAICH,672,VACANCY,VACANCY
MHAK200127,24,VIDARBHA,AKOLA,AKOLA,313,VACANCY,VACANCY
MHAK200128,24,VIDARBHA,AKOLA,AKOLA,313,VACANCY,VACANCY
MHTH200508,12,MUMBAI,THANE,DOMBIVLI,1627,VACANCY,VACANCY
AIOCDW611,20,UTTARAKHAND UP WEST,PAURI GARWAL,SRINAGAR(UTK),1731,VACANCY,VACANCY
AIOCDW661,19,TAMIL NADU,COIMBATORE,SIDHAPUDUR,1841,VACANCY,VACANCY
AIOCDW609,2,ANDHRA PRADESH,VISAKHAPATNAM,VISAKHAPATNAM (VIZAG),249,VACANCY,VACANCY
AIOCDW630,8,GUJARAT,BHAVNAGAR,BHAVNAGAR,56,VACANCY,VACANCY
MHTH200515,12,MUMBAI,THANE,KALYAN,457,VACANCY,VACANCY
AIOCDW610,19,TAMIL NADU,COIMBATORE,COIMBATORE,239,VACANCY,VACANCY
AIOCDW619,8,GUJARAT,VADODARA (BARODA),VADODARA (BARODA),414,VACANCY,VACANCY
AIOCDW620,8,GUJARAT,VADODARA (BARODA),VADODARA (BARODA),414,VACANCY,VACANCY
AIOCDW621,8,GUJARAT,VADODARA (BARODA),VADODARA (BARODA),414,VACANCY,VACANCY
AIOCDW622,8,GUJARAT,VADODARA (BARODA),VADODARA (BARODA),414,VACANCY,VACANCY
AIOCDW623,8,GUJARAT,VADODARA (BARODA),VADODARA (BARODA),414,VACANCY,VACANCY
AIOCDW899,22,WEST BENGAL REST,BANKURA,BANKURA,164,VACANCY,VACANCY
AIOCDW900,22,WEST BENGAL REST,BANKURA,BANKURA,164,VACANCY,VACANCY
AIOCDW901,22,WEST BENGAL REST,BANKURA,BANKURA,164,VACANCY,VACANCY
AIOCDW936,20,UTTARAKHAND UP WEST,SAMBHAL(BHEEM NAGAR),CHANDAUSI,826,VACANCY,VACANCY
AIOCDW945,19,TAMIL NADU,COIMBATORE,COIMBATORE,239,VACANCY,VACANCY
AIOCDW946,19,TAMIL NADU,COIMBATORE,COIMBATORE,239,VACANCY,VACANCY
AIOCDX078,12,MUMBAI,THANE,KALYAN,457,VACANCY,VACANCY
AIOCDX096,6,DELHI,NORTH DELHI,NORTH DELHI,1561,VACANCY,VACANCY
AIOCDX099,9,HARYANA,MAHENDERGARH,NARNAUL,615,VACANCY,VACANCY
AIOCDX105,15,MADHYA PRADESH,VIDISHA,VIDISHA,657,VACANCY,VACANCY
AIOCDX144,16,ODISHA,KHURDA,JATANI,359,VACANCY,VACANCY
AIOCDX188,21,UP EAST,MIRZAPUR,MIRZAPUR,751,VACANCY,VACANCY
AIOCDX189,17,Punjab & JHC,MOHALI,MOHALI,38,VACANCY,VACANCY
MHGR200010,24,VIDARBHA,GADCHIROLI,GADCHIROLI,962,VACANCY,VACANCY
AIOCDW984,20,UTTARAKHAND UP WEST,FATEHPUR ,FATEHPUR,703,VACANCY,VACANCY
AIOCDX066,3,NORTH EAST,JORHAT,JORHAT,453,VACANCY,VACANCY
AIOCDX076,14,KARNATAKA,KALBURGI (GULBARGA),KALBURGI (GULBARGA),713,VACANCY,VACANCY
AIOCDX108,17,Punjab & JHC,MANDI,MANDI,2058,VACANCY,VACANCY
AIOCDX116,21,UP EAST,AMBEDKAR NAGAR      ,AKBARPUR(UP),1533,VACANCY,VACANCY
AIOCDX126,21,UP EAST,AMBEDKAR NAGAR      ,AKBARPUR(UP),1533,VACANCY,VACANCY
AIOCDW864,21,UP EAST,AMBEDKAR NAGAR      ,AKBARPUR(UP),1533,VACANCY,VACANCY
AIOCDW844,16,ODISHA,KHURDA,BHUBANESHWAR,151,VACANCY,VACANCY
AIOCDW851,16,ODISHA,KHURDA,BHUBANESHWAR,151,VACANCY,VACANCY
AIOCDW853,16,ODISHA,KHURDA,BHUBANESHWAR,151,VACANCY,VACANCY
AIOCDW873,16,ODISHA,KHURDA,BHUBANESHWAR,151,VACANCY,VACANCY
MHAK200131,24,VIDARBHA,AKOLA,AKOLA,313,VACANCY,VACANCY
AIOCDW896,21,UP EAST,BANDA,BANDA,320,VACANCY,VACANCY
AIOCDW897,21,UP EAST,BANDA,BANDA,320,VACANCY,VACANCY
AIOCDW898,21,UP EAST,BANDA,BANDA,320,VACANCY,VACANCY
AIOCDW913,3,NORTH EAST,BARPETA,BARPETA,537,VACANCY,VACANCY
AIOCDX121,20,UTTARAKHAND UP WEST,RAMPUR,RAMPUR,127,VACANCY,VACANCY
AIOCDX127,21,UP EAST,BANDA,BANDA,320,VACANCY,VACANCY
AIOCDX135,22,WEST BENGAL REST,BANKURA,BISHNUPUR,823,VACANCY,VACANCY
AIOCDX203,4,BIHAR,MUZAFFARPUR,MUZAFFARPUR,998,VACANCY,VACANCY
AIOCDW923,8,GUJARAT,BHAVNAGAR,BHAVNAGAR,56,VACANCY,VACANCY
AIOCDW924,8,GUJARAT,BHAVNAGAR,BHAVNAGAR,56,VACANCY,VACANCY
AIOCDX067,9,HARYANA,JIND,JIND,298,VACANCY,VACANCY
AIOCDX068,9,HARYANA,JIND,JIND,298,VACANCY,VACANCY
AIOCDX100,9,HARYANA,AMBALA,AMBALA,2432,VACANCY,VACANCY
AIOCDX156,18,RAJASTHAN,NAGAUR,KUCHAMAN CITY,1132,VACANCY,VACANCY
MHTH200522,12,MUMBAI,THANE,THANE,393,VACANCY,VACANCY
AIOCDX207,9,HARYANA,JIND,NARWANA,1390,VACANCY,VACANCY
AIOCDW852,4,BIHAR,KAIMUR,BHABUA,1655,VACANCY,VACANCY
AIOCDW866,9,HARYANA,AMBALA,AMBALA,2432,VACANCY,VACANCY
AIOCDW867,9,HARYANA,AMBALA,AMBALA,2432,VACANCY,VACANCY
AIOCDW917,4,BIHAR,BEGUSARAI,BEGUSARAI,12,VACANCY,VACANCY
MHCH200097,24,VIDARBHA,CHANDRAPUR,CHANDRAPUR,948,VACANCY,VACANCY
AIOCDW426,20,UTTARAKHAND UP WEST,BAHRAICH,BAHRAICH,672,VACANCY,VACANCY
MHTH200538,12,MUMBAI,THANE,THANE,393,VACANCY,VACANCY
MHTH200521,12,MUMBAI,THANE,VASHI,3165,VACANCY,VACANCY
AIOCDX212,18,RAJASTHAN,HANUMANGARH,NOHAR,2556,VACANCY,VACANCY
AIOCDX227,8,GUJARAT,TAPI,VYARA,2264,VACANCY,VACANCY
AIOCDW850,17,Punjab & JHC,KANGRA,KANGRA,2439,VACANCY,VACANCY
DUMMY0129,19,TAMIL NADU,CHENNAI,CHENNAI,238,VACANCY,VACANCY
AIOCDW885,11,JHARKHAND,DEOGHAR,MADHUPUR,745,VACANCY,VACANCY
AIOCDW939,19,TAMIL NADU,CHENNAI,CHENNAI,238,VACANCY,VACANCY
AIOCDW940,19,TAMIL NADU,CHENNAI,CHENNAI,238,VACANCY,VACANCY
AIOCDW401,4,BIHAR,VAISHALI,HAJIPUR,572,VACANCY,VACANCY
AIOCDW441,19,TAMIL NADU,CHENNAI,CHENNAI,238,VACANCY,VACANCY
AIOCDY482,19,TAMIL NADU,CHENNAI,CHENNAI,238,VACANCY,VACANCY
AIOCDY492,19,TAMIL NADU,CHENNAI,CHENNAI,238,VACANCY,VACANCY
AIOCDX464,22,WEST BENGAL REST,MALDA,MALDA,280,VACANCY,VACANCY
AIOCDX465,22,WEST BENGAL REST,MALDA,MALDA,280,VACANCY,VACANCY
AIOCDY566,20,UTTARAKHAND UP WEST,MORADABAD,MORADABAD,124,VACANCY,VACANCY
AIOCDY587,20,UTTARAKHAND UP WEST,MORADABAD,MORADABAD,124,VACANCY,VACANCY
AIOCDW966,15,MADHYA PRADESH,DEWAS,DEWAS,209,VACANCY,VACANCY
AIOCDX466,14,KARNATAKA,MANDYA,MANDYA,478,VACANCY,VACANCY
AIOCDX484,19,TAMIL NADU,PONDICHERY,PONDICHERRY,1079,VACANCY,VACANCY
AIOCDX515,1,TELANGANA,NIRMAL,NIRMAL,494,VACANCY,VACANCY
AIOCDX541,19,TAMIL NADU,PONDICHERY,PONDICHERRY,1079,VACANCY,VACANCY
AIOCDX561,15,MADHYA PRADESH,RATLAM,RATLAM,505,VACANCY,VACANCY
AIOCDX564,9,HARYANA,ROHTAK,ROHTAK,9,VACANCY,VACANCY
AIOCDX575,20,UTTARAKHAND UP WEST,MORADABAD,SAMBHAL,630,VACANCY,VACANCY
AIOCDX604,20,UTTARAKHAND UP WEST,AGRA,AGRA,111,VACANCY,VACANCY
AIOCDX621,4,BIHAR,ARARIA,ARARIA,11,VACANCY,VACANCY
AIOCDX622,4,BIHAR,ARARIA,ARARIA,11,VACANCY,VACANCY
AIOCDX623,4,BIHAR,ARARIA,ARARIA,11,VACANCY,VACANCY
AIOCDX624,4,BIHAR,ARARIA,ARARIA,11,VACANCY,VACANCY
AIOCDX625,4,BIHAR,ARARIA,ARARIA,11,VACANCY,VACANCY
AIOCDX627,20,UTTARAKHAND UP WEST,MORADABAD,SAMBHAL,630,VACANCY,VACANCY
AIOCDX631,11,JHARKHAND,DEOGHAR,DEOGHAR,560,VACANCY,VACANCY
AIOCDX632,11,JHARKHAND,DEOGHAR,DEOGHAR,560,VACANCY,VACANCY
AIOCDY888,8,GUJARAT,GANDHINAGAR (GUJARAT),GANDHINAGAR,1575,VACANCY,VACANCY
AIOCDY914,4,BIHAR,ARARIA,ARARIA,11,VACANCY,VACANCY
AIOCDY951,15,MADHYA PRADESH,RATLAM,RATLAM,505,VACANCY,VACANCY
AIOCDY981,20,UTTARAKHAND UP WEST,AGRA,AGRA,111,VACANCY,VACANCY
AIOCDZ047,20,UTTARAKHAND UP WEST,AGRA,AGRA,111,VACANCY,VACANCY
MHSD200066,7,MARATHWADA,SINDHUDURG,KUDAL,369,VACANCY,VACANCY
AIOCDZ087,9,HARYANA,ROHTAK,ROHTAK,9,VACANCY,VACANCY
AIOCDZ138,16,ODISHA,KENDRAPARA,KENDRAPARA,1272,VACANCY,VACANCY
AIOCDZ151,16,ODISHA,SUNDERGARH,ROURKELA,161,VACANCY,VACANCY
AIOCDAB38,20,UTTARAKHAND UP WEST,AGRA,AGRA,111,VACANCY,VACANCY
AIOCDAB63,4,BIHAR,ARARIA,ARARIA,11,VACANCY,VACANCY
AIOCDAB66,11,JHARKHAND,DEOGHAR,DEOGHAR,560,VACANCY,VACANCY
AIOCDAC57,20,UTTARAKHAND UP WEST,KANNAUJ,KANAUJ(KANNAUJ),587,VACANCY,VACANCY
AIOCDAD44,16,ODISHA,KENDRAPARA,KENDRAPARA,1272,VACANCY,VACANCY
AIOCDAD65,15,MADHYA PRADESH,NARSINGHPUR,GADARWARA,847,VACANCY,VACANCY
AIOCDX201,22,WEST BENGAL REST,MURSHIDABAD,MURSHIDABAD,181,VACANCY,VACANCY
AIOCDY572,2,ANDHRA PRADESH,KRISHNA,VIJAYAWADA,248,VACANCY,VACANCY
AIOCDY579,23,KOLKATA,KOLKATA,KOLKATA,256,VACANCY,VACANCY
AIOCDX511,18,RAJASTHAN,JHUNJHUNU,JHUNJHUNU,89,VACANCY,VACANCY
AIOCDX590,22,WEST BENGAL REST,DARJEELING,SILIGURI,183,VACANCY,VACANCY
AIOCDX591,22,WEST BENGAL REST,DARJEELING,SILIGURI,183,VACANCY,VACANCY
AIOCDX635,22,WEST BENGAL REST,PURULIA,PURULIA,624,VACANCY,VACANCY
AIOCDX649,21,UP EAST,BARABANKI,BARABANKI,200,VACANCY,VACANCY
AIOCDX650,21,UP EAST,BARABANKI,BARABANKI,200,VACANCY,VACANCY
AIOCDX670,22,WEST BENGAL REST,PURULIA,PURULIA,624,VACANCY,VACANCY
AIOCDW828,21,UP EAST,GHAZIPUR,GHAZIPUR,232,VACANCY,VACANCY
AIOCDW890,20,UTTARAKHAND UP WEST,BUDAUN,BUDAUN,114,VACANCY,VACANCY
AIOCDX136,21,UP EAST,KUSHINAGAR,KASIA,365,VACANCY,VACANCY
AIOCDX159,18,RAJASTHAN,ALWAR,LAXMANGARH,1451,VACANCY,VACANCY
MHAD200234,7,MARATHWADA,AHMEDNAGAR,AHMEDNAGAR,934,VACANCY,VACANCY
AIOCDX180,20,UTTARAKHAND UP WEST,MEERUT,MEERUT,123,VACANCY,VACANCY
AIOCDX181,20,UTTARAKHAND UP WEST,MEERUT,MEERUT,123,VACANCY,VACANCY
AIOCDX182,20,UTTARAKHAND UP WEST,MEERUT,MEERUT,123,VACANCY,VACANCY
AIOCDX183,20,UTTARAKHAND UP WEST,MEERUT,MEERUT,123,VACANCY,VACANCY
AIOCDX184,20,UTTARAKHAND UP WEST,MEERUT,MEERUT,123,VACANCY,VACANCY
AIOCDX750,4,BIHAR,SIWAN,SIWAN,28,VACANCY,VACANCY
AIOCDX482,19,TAMIL NADU,CHENNAI,CHENNAI,238,VACANCY,VACANCY
AIOCDX595,4,BIHAR,SITAMARHI,SITAMARHI,27,VACANCY,VACANCY
AIOCDX598,4,BIHAR,SIWAN,SIWAN,28,VACANCY,VACANCY
AIOCDX599,4,BIHAR,SIWAN,SIWAN,28,VACANCY,VACANCY
AIOCDX600,4,BIHAR,SIWAN,SIWAN,28,VACANCY,VACANCY
AIOCDX601,4,BIHAR,SIWAN,SIWAN,28,VACANCY,VACANCY
AIOCDX614,19,TAMIL NADU,CHENNAI,CHENNAI,238,VACANCY,VACANCY
AIOCDX620,4,BIHAR,VAISHALI,HAJIPUR,572,VACANCY,VACANCY
AIOCDX626,19,TAMIL NADU,CHENNAI,CHENNAI,238,VACANCY,VACANCY
AIOCDX688,19,TAMIL NADU,CHENNAI,CHENNAI,238,VACANCY,VACANCY
AIOCDX689,19,TAMIL NADU,CHENNAI,CHENNAI,238,VACANCY,VACANCY
AIOCDX690,19,TAMIL NADU,CHENNAI,CHENNAI,238,VACANCY,VACANCY
AIOCDX691,19,TAMIL NADU,CHENNAI,CHENNAI,238,VACANCY,VACANCY
AIOCDX692,19,TAMIL NADU,CHENNAI,CHENNAI,238,VACANCY,VACANCY
AIOCDX693,19,TAMIL NADU,CHENNAI,CHENNAI,238,VACANCY,VACANCY
AIOCDX694,19,TAMIL NADU,CHENNAI,CHENNAI,238,VACANCY,VACANCY
AIOCDX695,19,TAMIL NADU,CHENNAI,CHENNAI,238,VACANCY,VACANCY
AIOCDX696,19,TAMIL NADU,CHENNAI,CHENNAI,238,VACANCY,VACANCY
AIOCDY830,19,TAMIL NADU,VILLUPURAM,VILLUPURAM,1037,VACANCY,VACANCY
AIOCDY838,4,BIHAR,SIWAN,SIWAN,28,VACANCY,VACANCY
AIOCDY839,4,BIHAR,SIWAN,SIWAN,28,VACANCY,VACANCY
AIOCDY899,19,TAMIL NADU,CHENNAI,CHENNAI,238,VACANCY,VACANCY
AIOCDY900,19,TAMIL NADU,CHENNAI,CHENNAI,238,VACANCY,VACANCY
MHST200193,7,MARATHWADA,SATARA,KARAD,362,VACANCY,VACANCY
AIOCDZ010,19,TAMIL NADU,CHENNAI,CHENNAI,238,VACANCY,VACANCY
AIOCDZ011,19,TAMIL NADU,CHENNAI,CHENNAI,238,VACANCY,VACANCY
AIOCDZ012,19,TAMIL NADU,CHENNAI,CHENNAI,238,VACANCY,VACANCY
MHST200194,7,MARATHWADA,SATARA,KARAD,362,VACANCY,VACANCY
AIOCDZ081,19,TAMIL NADU,CHENNAI,CHENNAI,238,VACANCY,VACANCY
MHST200195,7,MARATHWADA,SATARA,PHALTAN,622,VACANCY,VACANCY
AIOCDZ116,19,TAMIL NADU,CHENNAI,CHENNAI,238,VACANCY,VACANCY
AIOCDZ117,19,TAMIL NADU,CHENNAI,CHENNAI,238,VACANCY,VACANCY
AIOCDAB04,15,MADHYA PRADESH,UJJAIN,UJJAIN,109,VACANCY,VACANCY
MHST200188,7,MARATHWADA,SATARA,KARAD,362,VACANCY,VACANCY
AIOCDW389,16,ODISHA,CUTTACK,CUTTACK,557,VACANCY,VACANCY
AIOCDY478,17,Punjab & JHC,BATHINDA,BATHINDA,30,VACANCY,VACANCY
AIOCDY497,20,UTTARAKHAND UP WEST,MEERUT,MEERUT,123,VACANCY,VACANCY
AIOCDY535,16,ODISHA,CUTTACK,CUTTACK,557,VACANCY,VACANCY
AIOCDZ228,20,UTTARAKHAND UP WEST,MEERUT,MEERUT,123,VACANCY,VACANCY
AIOCDZ282,8,GUJARAT,JAMNAGAR,JAMNAGAR,46,VACANCY,VACANCY
AIOCDZ284,16,ODISHA,CUTTACK,CUTTACK,557,VACANCY,VACANCY
AIOCDZ351,21,UP EAST,GHAZIPUR,GHAZIPUR,232,VACANCY,VACANCY
AIOCDZ360,16,ODISHA,CUTTACK,CUTTACK,557,VACANCY,VACANCY
DMKD00314,20,UTTARAKHAND UP WEST,MEERUT,MEERUT,123,VACANCY,VACANCY
DMKD00557,20,UTTARAKHAND UP WEST,MEERUT,MEERUT,123,VACANCY,VACANCY
DMKD00558,20,UTTARAKHAND UP WEST,MEERUT,MEERUT,123,VACANCY,VACANCY
DMKD00248,20,UTTARAKHAND UP WEST,MEERUT,MEERUT,123,VACANCY,VACANCY
DMKD00559,20,UTTARAKHAND UP WEST,MEERUT,MEERUT,123,VACANCY,VACANCY
DMKD00316,20,UTTARAKHAND UP WEST,MEERUT,MEERUT,123,VACANCY,VACANCY
DMKD00249,20,UTTARAKHAND UP WEST,MEERUT,MEERUT,123,VACANCY,VACANCY
DMKD00250,20,UTTARAKHAND UP WEST,MEERUT,MEERUT,123,VACANCY,VACANCY
DMKD00317,20,UTTARAKHAND UP WEST,MEERUT,MEERUT,123,VACANCY,VACANCY
DMKD00143,20,UTTARAKHAND UP WEST,MEERUT,MEERUT,123,VACANCY,VACANCY
DMKD00560,20,UTTARAKHAND UP WEST,MEERUT,MEERUT,123,VACANCY,VACANCY
DMKD00251,20,UTTARAKHAND UP WEST,MEERUT,MEERUT,123,VACANCY,VACANCY
DMKD00318,20,UTTARAKHAND UP WEST,MEERUT,MEERUT,123,VACANCY,VACANCY
DMKD00252,20,UTTARAKHAND UP WEST,MEERUT,MEERUT,123,VACANCY,VACANCY
DMKD00319,20,UTTARAKHAND UP WEST,MEERUT,MEERUT,123,VACANCY,VACANCY
DMKD00562,20,UTTARAKHAND UP WEST,MEERUT,MEERUT,123,VACANCY,VACANCY
DMKD00254,20,UTTARAKHAND UP WEST,MEERUT,MEERUT,123,VACANCY,VACANCY
DMKD00563,20,UTTARAKHAND UP WEST,MEERUT,MEERUT,123,VACANCY,VACANCY
DMKD00256,20,UTTARAKHAND UP WEST,MEERUT,MEERUT,123,VACANCY,VACANCY
DMKD00564,20,UTTARAKHAND UP WEST,MEERUT,MEERUT,123,VACANCY,VACANCY
DMKD00145,20,UTTARAKHAND UP WEST,MEERUT,MEERUT,123,VACANCY,VACANCY
DMKD00146,20,UTTARAKHAND UP WEST,MEERUT,MEERUT,123,VACANCY,VACANCY
DMKD00258,20,UTTARAKHAND UP WEST,MEERUT,MEERUT,123,VACANCY,VACANCY
AIOCDY573,16,ODISHA,CUTTACK,CUTTACK,557,VACANCY,VACANCY
AIOCDY586,7,MARATHWADA,AHMEDNAGAR,AHMEDNAGAR,934,VACANCY,VACANCY
AIOCDY590,16,ODISHA,CUTTACK,CUTTACK,557,VACANCY,VACANCY
MHAD200235,7,MARATHWADA,AHMEDNAGAR,AHMEDNAGAR,934,VACANCY,VACANCY
DMKD00005,20,UTTARAKHAND UP WEST,MEERUT,MEERUT,123,VACANCY,VACANCY
DMKD00082,20,UTTARAKHAND UP WEST,MEERUT,MEERUT,123,VACANCY,VACANCY
DMKD00392,20,UTTARAKHAND UP WEST,MEERUT,MEERUT,123,VACANCY,VACANCY
DMKD00471,20,UTTARAKHAND UP WEST,MEERUT,MEERUT,123,VACANCY,VACANCY
DMKD00393,20,UTTARAKHAND UP WEST,MEERUT,MEERUT,123,VACANCY,VACANCY
DMKD00006,20,UTTARAKHAND UP WEST,MEERUT,MEERUT,123,VACANCY,VACANCY
DMKD00472,20,UTTARAKHAND UP WEST,MEERUT,MEERUT,123,VACANCY,VACANCY
DMKD00394,20,UTTARAKHAND UP WEST,MEERUT,MEERUT,123,VACANCY,VACANCY
DMKD00473,20,UTTARAKHAND UP WEST,MEERUT,MEERUT,123,VACANCY,VACANCY
DMKD00474,20,UTTARAKHAND UP WEST,MEERUT,MEERUT,123,VACANCY,VACANCY
DMKD00007,20,UTTARAKHAND UP WEST,MEERUT,MEERUT,123,VACANCY,VACANCY
DMKD00396,20,UTTARAKHAND UP WEST,MEERUT,MEERUT,123,VACANCY,VACANCY
DMKD00083,20,UTTARAKHAND UP WEST,MEERUT,MEERUT,123,VACANCY,VACANCY
DMKD00476,20,UTTARAKHAND UP WEST,MEERUT,MEERUT,123,VACANCY,VACANCY
DMKD00084,20,UTTARAKHAND UP WEST,MEERUT,MEERUT,123,VACANCY,VACANCY
DMKD00397,20,UTTARAKHAND UP WEST,MEERUT,MEERUT,123,VACANCY,VACANCY
DMKD00477,20,UTTARAKHAND UP WEST,MEERUT,MEERUT,123,VACANCY,VACANCY
DMKD00085,20,UTTARAKHAND UP WEST,MEERUT,MEERUT,123,VACANCY,VACANCY
DMKD00398,20,UTTARAKHAND UP WEST,MEERUT,MEERUT,123,VACANCY,VACANCY
DMKD00010,20,UTTARAKHAND UP WEST,MEERUT,MEERUT,123,VACANCY,VACANCY
DMKD00399,20,UTTARAKHAND UP WEST,MEERUT,MEERUT,123,VACANCY,VACANCY
DMKD00478,20,UTTARAKHAND UP WEST,MEERUT,MEERUT,123,VACANCY,VACANCY
DMKD00011,20,UTTARAKHAND UP WEST,MEERUT,MEERUT,123,VACANCY,VACANCY
DMKD00479,20,UTTARAKHAND UP WEST,MEERUT,MEERUT,123,VACANCY,VACANCY
DMKD00400,20,UTTARAKHAND UP WEST,MEERUT,MEERUT,123,VACANCY,VACANCY
DMKD00012,20,UTTARAKHAND UP WEST,MEERUT,MEERUT,123,VACANCY,VACANCY
DMKD00086,20,UTTARAKHAND UP WEST,MEERUT,MEERUT,123,VACANCY,VACANCY
DMKD00013,20,UTTARAKHAND UP WEST,MEERUT,MEERUT,123,VACANCY,VACANCY
DMKD00401,20,UTTARAKHAND UP WEST,MEERUT,MEERUT,123,VACANCY,VACANCY
DMKD00480,20,UTTARAKHAND UP WEST,MEERUT,MEERUT,123,VACANCY,VACANCY
DMKD00014,20,UTTARAKHAND UP WEST,MEERUT,MEERUT,123,VACANCY,VACANCY
DMKD00481,20,UTTARAKHAND UP WEST,MEERUT,MEERUT,123,VACANCY,VACANCY
DMKD00015,20,UTTARAKHAND UP WEST,MEERUT,MEERUT,123,VACANCY,VACANCY
DMKD00088,20,UTTARAKHAND UP WEST,MEERUT,MEERUT,123,VACANCY,VACANCY
DMKD00016,20,UTTARAKHAND UP WEST,MEERUT,MEERUT,123,VACANCY,VACANCY
DMKD00402,20,UTTARAKHAND UP WEST,MEERUT,MEERUT,123,VACANCY,VACANCY
DMKD00089,20,UTTARAKHAND UP WEST,MEERUT,MEERUT,123,VACANCY,VACANCY
DMKD00017,20,UTTARAKHAND UP WEST,MEERUT,MEERUT,123,VACANCY,VACANCY
DMKD00090,20,UTTARAKHAND UP WEST,MEERUT,MEERUT,123,VACANCY,VACANCY
DMKD00018,20,UTTARAKHAND UP WEST,MEERUT,MEERUT,123,VACANCY,VACANCY
DMKD00482,20,UTTARAKHAND UP WEST,MEERUT,MEERUT,123,VACANCY,VACANCY
DMKD00019,20,UTTARAKHAND UP WEST,MEERUT,MEERUT,123,VACANCY,VACANCY
DMKD00483,20,UTTARAKHAND UP WEST,MEERUT,MEERUT,123,VACANCY,VACANCY
DMKD00091,20,UTTARAKHAND UP WEST,MEERUT,MEERUT,123,VACANCY,VACANCY
DMKD00020,20,UTTARAKHAND UP WEST,MEERUT,MEERUT,123,VACANCY,VACANCY
DMKD00403,20,UTTARAKHAND UP WEST,MEERUT,MEERUT,123,VACANCY,VACANCY
DMKD00484,20,UTTARAKHAND UP WEST,MEERUT,MEERUT,123,VACANCY,VACANCY
DMKD00092,20,UTTARAKHAND UP WEST,MEERUT,MEERUT,123,VACANCY,VACANCY
DMKD00621,20,UTTARAKHAND UP WEST,MEERUT,MEERUT,123,VACANCY,VACANCY
DMKD00021,20,UTTARAKHAND UP WEST,MEERUT,MEERUT,123,VACANCY,VACANCY
DMKD00404,20,UTTARAKHAND UP WEST,MEERUT,MEERUT,123,VACANCY,VACANCY
DMKD00622,20,UTTARAKHAND UP WEST,MEERUT,MEERUT,123,VACANCY,VACANCY
DMKD00093,20,UTTARAKHAND UP WEST,MEERUT,MEERUT,123,VACANCY,VACANCY
DMKD00022,20,UTTARAKHAND UP WEST,MEERUT,MEERUT,123,VACANCY,VACANCY
DMKD00623,20,UTTARAKHAND UP WEST,MEERUT,MEERUT,123,VACANCY,VACANCY
DMKD00023,20,UTTARAKHAND UP WEST,MEERUT,MEERUT,123,VACANCY,VACANCY
DMKD00094,20,UTTARAKHAND UP WEST,MEERUT,MEERUT,123,VACANCY,VACANCY
DMKD00624,20,UTTARAKHAND UP WEST,MEERUT,MEERUT,123,VACANCY,VACANCY
DMKD00406,20,UTTARAKHAND UP WEST,MEERUT,MEERUT,123,VACANCY,VACANCY
DMKD00625,20,UTTARAKHAND UP WEST,MEERUT,MEERUT,123,VACANCY,VACANCY
DMKD00095,20,UTTARAKHAND UP WEST,MEERUT,MEERUT,123,VACANCY,VACANCY
DMKD00025,20,UTTARAKHAND UP WEST,MEERUT,MEERUT,123,VACANCY,VACANCY
DMKD00626,20,UTTARAKHAND UP WEST,MEERUT,MEERUT,123,VACANCY,VACANCY
DMKD00026,20,UTTARAKHAND UP WEST,MEERUT,MEERUT,123,VACANCY,VACANCY
DMKD00407,20,UTTARAKHAND UP WEST,MEERUT,MEERUT,123,VACANCY,VACANCY
DMKD00628,20,UTTARAKHAND UP WEST,MEERUT,MEERUT,123,VACANCY,VACANCY
DMKD00629,20,UTTARAKHAND UP WEST,MEERUT,MEERUT,123,VACANCY,VACANCY
DMKD00096,20,UTTARAKHAND UP WEST,MEERUT,MEERUT,123,VACANCY,VACANCY
DMKD00630,20,UTTARAKHAND UP WEST,MEERUT,MEERUT,123,VACANCY,VACANCY
DMKD00097,20,UTTARAKHAND UP WEST,MEERUT,MEERUT,123,VACANCY,VACANCY
DMKD00631,20,UTTARAKHAND UP WEST,MEERUT,MEERUT,123,VACANCY,VACANCY
DMKD00027,20,UTTARAKHAND UP WEST,MEERUT,MEERUT,123,VACANCY,VACANCY
DMKD00098,20,UTTARAKHAND UP WEST,MEERUT,MEERUT,123,VACANCY,VACANCY
DMKD00028,20,UTTARAKHAND UP WEST,MEERUT,MEERUT,123,VACANCY,VACANCY
DMKD00632,20,UTTARAKHAND UP WEST,MEERUT,MEERUT,123,VACANCY,VACANCY
DMKD00633,20,UTTARAKHAND UP WEST,MEERUT,MEERUT,123,VACANCY,VACANCY
DMKD00408,20,UTTARAKHAND UP WEST,MEERUT,MEERUT,123,VACANCY,VACANCY
DMKD00029,20,UTTARAKHAND UP WEST,MEERUT,MEERUT,123,VACANCY,VACANCY
DMKD00634,20,UTTARAKHAND UP WEST,MEERUT,MEERUT,123,VACANCY,VACANCY
DMKD00409,20,UTTARAKHAND UP WEST,MEERUT,MEERUT,123,VACANCY,VACANCY
DMKD00099,20,UTTARAKHAND UP WEST,MEERUT,MEERUT,123,VACANCY,VACANCY
DMKD00030,20,UTTARAKHAND UP WEST,MEERUT,MEERUT,123,VACANCY,VACANCY
DMKD00635,20,UTTARAKHAND UP WEST,MEERUT,MEERUT,123,VACANCY,VACANCY
DMKD00410,20,UTTARAKHAND UP WEST,MEERUT,MEERUT,123,VACANCY,VACANCY
DMKD00031,20,UTTARAKHAND UP WEST,MEERUT,MEERUT,123,VACANCY,VACANCY
DMKD00636,20,UTTARAKHAND UP WEST,MEERUT,MEERUT,123,VACANCY,VACANCY
DMKD00032,20,UTTARAKHAND UP WEST,MEERUT,MEERUT,123,VACANCY,VACANCY
DMKD00412,20,UTTARAKHAND UP WEST,MEERUT,MEERUT,123,VACANCY,VACANCY
DMKD00637,20,UTTARAKHAND UP WEST,MEERUT,MEERUT,123,VACANCY,VACANCY
DMKD00033,20,UTTARAKHAND UP WEST,MEERUT,MEERUT,123,VACANCY,VACANCY
DMKD00413,20,UTTARAKHAND UP WEST,MEERUT,MEERUT,123,VACANCY,VACANCY
DMKD00034,20,UTTARAKHAND UP WEST,MEERUT,MEERUT,123,VACANCY,VACANCY
DMKD00414,20,UTTARAKHAND UP WEST,MEERUT,MEERUT,123,VACANCY,VACANCY
DMKD00639,20,UTTARAKHAND UP WEST,MEERUT,MEERUT,123,VACANCY,VACANCY
DMKD00100,20,UTTARAKHAND UP WEST,MEERUT,MEERUT,123,VACANCY,VACANCY
DMKD00035,20,UTTARAKHAND UP WEST,MEERUT,MEERUT,123,VACANCY,VACANCY
DMKD00640,20,UTTARAKHAND UP WEST,MEERUT,MEERUT,123,VACANCY,VACANCY
DMKD00415,20,UTTARAKHAND UP WEST,MEERUT,MEERUT,123,VACANCY,VACANCY
DMKD00036,20,UTTARAKHAND UP WEST,MEERUT,MEERUT,123,VACANCY,VACANCY
DMKD00101,20,UTTARAKHAND UP WEST,MEERUT,MEERUT,123,VACANCY,VACANCY
DMKD00416,20,UTTARAKHAND UP WEST,MEERUT,MEERUT,123,VACANCY,VACANCY
DMKD00102,20,UTTARAKHAND UP WEST,MEERUT,MEERUT,123,VACANCY,VACANCY
DMKD00485,20,UTTARAKHAND UP WEST,MEERUT,MEERUT,123,VACANCY,VACANCY
DMKD00037,20,UTTARAKHAND UP WEST,MEERUT,MEERUT,123,VACANCY,VACANCY
DMKD00103,20,UTTARAKHAND UP WEST,MEERUT,MEERUT,123,VACANCY,VACANCY
DMKD00486,20,UTTARAKHAND UP WEST,MEERUT,MEERUT,123,VACANCY,VACANCY
DMKD00038,20,UTTARAKHAND UP WEST,MEERUT,MEERUT,123,VACANCY,VACANCY
DMKD00104,20,UTTARAKHAND UP WEST,MEERUT,MEERUT,123,VACANCY,VACANCY
DMKD00039,20,UTTARAKHAND UP WEST,MEERUT,MEERUT,123,VACANCY,VACANCY
DMKD00488,20,UTTARAKHAND UP WEST,MEERUT,MEERUT,123,VACANCY,VACANCY
DMKD00040,20,UTTARAKHAND UP WEST,MEERUT,MEERUT,123,VACANCY,VACANCY
DMKD00489,20,UTTARAKHAND UP WEST,MEERUT,MEERUT,123,VACANCY,VACANCY
DMKD00041,20,UTTARAKHAND UP WEST,MEERUT,MEERUT,123,VACANCY,VACANCY
DMKD00320,20,UTTARAKHAND UP WEST,MEERUT,MEERUT,123,VACANCY,VACANCY
DMKD00147,20,UTTARAKHAND UP WEST,MEERUT,MEERUT,123,VACANCY,VACANCY
DMKD00565,20,UTTARAKHAND UP WEST,MEERUT,MEERUT,123,VACANCY,VACANCY
DMKD00321,20,UTTARAKHAND UP WEST,MEERUT,MEERUT,123,VACANCY,VACANCY
DMKD00148,20,UTTARAKHAND UP WEST,MEERUT,MEERUT,123,VACANCY,VACANCY
DMKD00259,20,UTTARAKHAND UP WEST,MEERUT,MEERUT,123,VACANCY,VACANCY
DMKD00149,20,UTTARAKHAND UP WEST,MEERUT,MEERUT,123,VACANCY,VACANCY
DMKD00322,20,UTTARAKHAND UP WEST,MEERUT,MEERUT,123,VACANCY,VACANCY
DMKD00150,20,UTTARAKHAND UP WEST,MEERUT,MEERUT,123,VACANCY,VACANCY
DMKD00260,20,UTTARAKHAND UP WEST,MEERUT,MEERUT,123,VACANCY,VACANCY
DMKD00567,20,UTTARAKHAND UP WEST,MEERUT,MEERUT,123,VACANCY,VACANCY
DMKD00323,20,UTTARAKHAND UP WEST,MEERUT,MEERUT,123,VACANCY,VACANCY
DMKD00261,20,UTTARAKHAND UP WEST,MEERUT,MEERUT,123,VACANCY,VACANCY
DMKD00568,20,UTTARAKHAND UP WEST,MEERUT,MEERUT,123,VACANCY,VACANCY
DMKD00324,20,UTTARAKHAND UP WEST,MEERUT,MEERUT,123,VACANCY,VACANCY
DMKD00151,20,UTTARAKHAND UP WEST,MEERUT,MEERUT,123,VACANCY,VACANCY
DMKD00262,20,UTTARAKHAND UP WEST,MEERUT,MEERUT,123,VACANCY,VACANCY
DMKD00325,20,UTTARAKHAND UP WEST,MEERUT,MEERUT,123,VACANCY,VACANCY
DMKD00152,20,UTTARAKHAND UP WEST,MEERUT,MEERUT,123,VACANCY,VACANCY
DMKD00570,20,UTTARAKHAND UP WEST,MEERUT,MEERUT,123,VACANCY,VACANCY
DMKD00153,20,UTTARAKHAND UP WEST,MEERUT,MEERUT,123,VACANCY,VACANCY
DMKD00264,20,UTTARAKHAND UP WEST,MEERUT,MEERUT,123,VACANCY,VACANCY
DMKD00571,20,UTTARAKHAND UP WEST,MEERUT,MEERUT,123,VACANCY,VACANCY
DMKD00326,20,UTTARAKHAND UP WEST,MEERUT,MEERUT,123,VACANCY,VACANCY
DMKD00154,20,UTTARAKHAND UP WEST,MEERUT,MEERUT,123,VACANCY,VACANCY
DMKD00572,20,UTTARAKHAND UP WEST,MEERUT,MEERUT,123,VACANCY,VACANCY
DMKD00265,20,UTTARAKHAND UP WEST,MEERUT,MEERUT,123,VACANCY,VACANCY
DMKD00266,20,UTTARAKHAND UP WEST,MEERUT,MEERUT,123,VACANCY,VACANCY
DMKD00573,20,UTTARAKHAND UP WEST,MEERUT,MEERUT,123,VACANCY,VACANCY
DMKD00329,20,UTTARAKHAND UP WEST,MEERUT,MEERUT,123,VACANCY,VACANCY
DMKD00267,20,UTTARAKHAND UP WEST,MEERUT,MEERUT,123,VACANCY,VACANCY
DMKD00156,20,UTTARAKHAND UP WEST,MEERUT,MEERUT,123,VACANCY,VACANCY
DMKD00574,20,UTTARAKHAND UP WEST,MEERUT,MEERUT,123,VACANCY,VACANCY
DMKD00158,20,UTTARAKHAND UP WEST,MEERUT,MEERUT,123,VACANCY,VACANCY
DMKD00269,20,UTTARAKHAND UP WEST,MEERUT,MEERUT,123,VACANCY,VACANCY
DMKD00331,20,UTTARAKHAND UP WEST,MEERUT,MEERUT,123,VACANCY,VACANCY
DMKD00575,20,UTTARAKHAND UP WEST,MEERUT,MEERUT,123,VACANCY,VACANCY
DMKD00270,20,UTTARAKHAND UP WEST,MEERUT,MEERUT,123,VACANCY,VACANCY
DMKD00159,20,UTTARAKHAND UP WEST,MEERUT,MEERUT,123,VACANCY,VACANCY
DMKD00332,20,UTTARAKHAND UP WEST,MEERUT,MEERUT,123,VACANCY,VACANCY
DMKD00160,20,UTTARAKHAND UP WEST,MEERUT,MEERUT,123,VACANCY,VACANCY
DMKD00576,20,UTTARAKHAND UP WEST,MEERUT,MEERUT,123,VACANCY,VACANCY
DMKD00577,20,UTTARAKHAND UP WEST,MEERUT,MEERUT,123,VACANCY,VACANCY
DMKD00578,20,UTTARAKHAND UP WEST,MEERUT,MEERUT,123,VACANCY,VACANCY
DMKD00273,20,UTTARAKHAND UP WEST,MEERUT,MEERUT,123,VACANCY,VACANCY
DMKD00335,20,UTTARAKHAND UP WEST,MEERUT,MEERUT,123,VACANCY,VACANCY
DMKD00579,20,UTTARAKHAND UP WEST,MEERUT,MEERUT,123,VACANCY,VACANCY
DMKD00275,20,UTTARAKHAND UP WEST,MEERUT,MEERUT,123,VACANCY,VACANCY
DMKD00336,20,UTTARAKHAND UP WEST,MEERUT,MEERUT,123,VACANCY,VACANCY
DMKD00580,20,UTTARAKHAND UP WEST,MEERUT,MEERUT,123,VACANCY,VACANCY
DMKD00276,20,UTTARAKHAND UP WEST,MEERUT,MEERUT,123,VACANCY,VACANCY
DMKD00277,20,UTTARAKHAND UP WEST,MEERUT,MEERUT,123,VACANCY,VACANCY
DMKD00338,20,UTTARAKHAND UP WEST,MEERUT,MEERUT,123,VACANCY,VACANCY
DMKD00278,20,UTTARAKHAND UP WEST,MEERUT,MEERUT,123,VACANCY,VACANCY
DMKD00339,20,UTTARAKHAND UP WEST,MEERUT,MEERUT,123,VACANCY,VACANCY
DMKD00581,20,UTTARAKHAND UP WEST,MEERUT,MEERUT,123,VACANCY,VACANCY
DMKD00161,20,UTTARAKHAND UP WEST,MEERUT,MEERUT,123,VACANCY,VACANCY
DMKD00279,20,UTTARAKHAND UP WEST,MEERUT,MEERUT,123,VACANCY,VACANCY
DMKD00162,20,UTTARAKHAND UP WEST,MEERUT,MEERUT,123,VACANCY,VACANCY
DMKD00582,20,UTTARAKHAND UP WEST,MEERUT,MEERUT,123,VACANCY,VACANCY
DMKD00280,20,UTTARAKHAND UP WEST,MEERUT,MEERUT,123,VACANCY,VACANCY
DMKD00163,20,UTTARAKHAND UP WEST,MEERUT,MEERUT,123,VACANCY,VACANCY
DMKD00583,20,UTTARAKHAND UP WEST,MEERUT,MEERUT,123,VACANCY,VACANCY
DMKD00417,20,UTTARAKHAND UP WEST,MEERUT,MEERUT,123,VACANCY,VACANCY
DMKD00340,20,UTTARAKHAND UP WEST,MEERUT,MEERUT,123,VACANCY,VACANCY
DMKD00164,20,UTTARAKHAND UP WEST,MEERUT,MEERUT,123,VACANCY,VACANCY
DMKD00584,20,UTTARAKHAND UP WEST,MEERUT,MEERUT,123,VACANCY,VACANCY
DMKD00165,20,UTTARAKHAND UP WEST,MEERUT,MEERUT,123,VACANCY,VACANCY
DMKD00418,20,UTTARAKHAND UP WEST,MEERUT,MEERUT,123,VACANCY,VACANCY
DMKD00341,20,UTTARAKHAND UP WEST,MEERUT,MEERUT,123,VACANCY,VACANCY
DMKD00419,20,UTTARAKHAND UP WEST,MEERUT,MEERUT,123,VACANCY,VACANCY
DMKD00585,20,UTTARAKHAND UP WEST,MEERUT,MEERUT,123,VACANCY,VACANCY
DMKD00166,20,UTTARAKHAND UP WEST,MEERUT,MEERUT,123,VACANCY,VACANCY
DMKD00342,20,UTTARAKHAND UP WEST,MEERUT,MEERUT,123,VACANCY,VACANCY
DMKD00167,20,UTTARAKHAND UP WEST,MEERUT,MEERUT,123,VACANCY,VACANCY
DMKD00586,20,UTTARAKHAND UP WEST,MEERUT,MEERUT,123,VACANCY,VACANCY
DMKD00168,20,UTTARAKHAND UP WEST,MEERUT,MEERUT,123,VACANCY,VACANCY
DMKD00587,20,UTTARAKHAND UP WEST,MEERUT,MEERUT,123,VACANCY,VACANCY
DMKD00420,20,UTTARAKHAND UP WEST,MEERUT,MEERUT,123,VACANCY,VACANCY
DMKD00169,20,UTTARAKHAND UP WEST,MEERUT,MEERUT,123,VACANCY,VACANCY
DMKD00588,20,UTTARAKHAND UP WEST,MEERUT,MEERUT,123,VACANCY,VACANCY
DMKD00421,20,UTTARAKHAND UP WEST,MEERUT,MEERUT,123,VACANCY,VACANCY
DMKD00589,20,UTTARAKHAND UP WEST,MEERUT,MEERUT,123,VACANCY,VACANCY
DMKD00171,20,UTTARAKHAND UP WEST,MEERUT,MEERUT,123,VACANCY,VACANCY
DMKD00422,20,UTTARAKHAND UP WEST,MEERUT,MEERUT,123,VACANCY,VACANCY
DMKD00345,20,UTTARAKHAND UP WEST,MEERUT,MEERUT,123,VACANCY,VACANCY
DMKD00590,20,UTTARAKHAND UP WEST,MEERUT,MEERUT,123,VACANCY,VACANCY
DMKD00423,20,UTTARAKHAND UP WEST,MEERUT,MEERUT,123,VACANCY,VACANCY
DMKD00346,20,UTTARAKHAND UP WEST,MEERUT,MEERUT,123,VACANCY,VACANCY
DMKD00424,20,UTTARAKHAND UP WEST,MEERUT,MEERUT,123,VACANCY,VACANCY
DMKD00591,20,UTTARAKHAND UP WEST,MEERUT,MEERUT,123,VACANCY,VACANCY
DMKD00347,20,UTTARAKHAND UP WEST,MEERUT,MEERUT,123,VACANCY,VACANCY
DMKD00173,20,UTTARAKHAND UP WEST,MEERUT,MEERUT,123,VACANCY,VACANCY
DMKD00425,20,UTTARAKHAND UP WEST,MEERUT,MEERUT,123,VACANCY,VACANCY
DMKD00348,20,UTTARAKHAND UP WEST,MEERUT,MEERUT,123,VACANCY,VACANCY
DMKD00174,20,UTTARAKHAND UP WEST,MEERUT,MEERUT,123,VACANCY,VACANCY
DMKD00349,20,UTTARAKHAND UP WEST,MEERUT,MEERUT,123,VACANCY,VACANCY
DMKD00426,20,UTTARAKHAND UP WEST,MEERUT,MEERUT,123,VACANCY,VACANCY
DMKD00427,20,UTTARAKHAND UP WEST,MEERUT,MEERUT,123,VACANCY,VACANCY
DMKD00350,20,UTTARAKHAND UP WEST,MEERUT,MEERUT,123,VACANCY,VACANCY
DMKD00351,20,UTTARAKHAND UP WEST,MEERUT,MEERUT,123,VACANCY,VACANCY
DMKD00596,20,UTTARAKHAND UP WEST,MEERUT,MEERUT,123,VACANCY,VACANCY
DMKD00428,20,UTTARAKHAND UP WEST,MEERUT,MEERUT,123,VACANCY,VACANCY
DMKD00352,20,UTTARAKHAND UP WEST,MEERUT,MEERUT,123,VACANCY,VACANCY
DMKD00429,20,UTTARAKHAND UP WEST,MEERUT,MEERUT,123,VACANCY,VACANCY
DMKD00597,20,UTTARAKHAND UP WEST,MEERUT,MEERUT,123,VACANCY,VACANCY
DMKD00430,20,UTTARAKHAND UP WEST,MEERUT,MEERUT,123,VACANCY,VACANCY
DMKD00598,20,UTTARAKHAND UP WEST,MEERUT,MEERUT,123,VACANCY,VACANCY
DMKD00431,20,UTTARAKHAND UP WEST,MEERUT,MEERUT,123,VACANCY,VACANCY
DMKD00175,20,UTTARAKHAND UP WEST,MEERUT,MEERUT,123,VACANCY,VACANCY
DMKD00176,20,UTTARAKHAND UP WEST,MEERUT,MEERUT,123,VACANCY,VACANCY
DMKD00353,20,UTTARAKHAND UP WEST,MEERUT,MEERUT,123,VACANCY,VACANCY
DMKD00177,20,UTTARAKHAND UP WEST,MEERUT,MEERUT,123,VACANCY,VACANCY
DMKD00600,20,UTTARAKHAND UP WEST,MEERUT,MEERUT,123,VACANCY,VACANCY
DMKD00354,20,UTTARAKHAND UP WEST,MEERUT,MEERUT,123,VACANCY,VACANCY
DMKD00432,20,UTTARAKHAND UP WEST,MEERUT,MEERUT,123,VACANCY,VACANCY
DMKD00433,20,UTTARAKHAND UP WEST,MEERUT,MEERUT,123,VACANCY,VACANCY
DMKD00601,20,UTTARAKHAND UP WEST,MEERUT,MEERUT,123,VACANCY,VACANCY
DMKD00178,20,UTTARAKHAND UP WEST,MEERUT,MEERUT,123,VACANCY,VACANCY
DMKD00179,20,UTTARAKHAND UP WEST,MEERUT,MEERUT,123,VACANCY,VACANCY
DMKD00434,20,UTTARAKHAND UP WEST,MEERUT,MEERUT,123,VACANCY,VACANCY
DMKD00602,20,UTTARAKHAND UP WEST,MEERUT,MEERUT,123,VACANCY,VACANCY
DMKD00356,20,UTTARAKHAND UP WEST,MEERUT,MEERUT,123,VACANCY,VACANCY
DMKD00180,20,UTTARAKHAND UP WEST,MEERUT,MEERUT,123,VACANCY,VACANCY
DMKD00435,20,UTTARAKHAND UP WEST,MEERUT,MEERUT,123,VACANCY,VACANCY
DMKD00181,20,UTTARAKHAND UP WEST,MEERUT,MEERUT,123,VACANCY,VACANCY
DMKD00436,20,UTTARAKHAND UP WEST,MEERUT,MEERUT,123,VACANCY,VACANCY
DMKD00182,20,UTTARAKHAND UP WEST,MEERUT,MEERUT,123,VACANCY,VACANCY
DMKD00437,20,UTTARAKHAND UP WEST,MEERUT,MEERUT,123,VACANCY,VACANCY
DMKD00604,20,UTTARAKHAND UP WEST,MEERUT,MEERUT,123,VACANCY,VACANCY
DMKD00358,20,UTTARAKHAND UP WEST,MEERUT,MEERUT,123,VACANCY,VACANCY
DMKD00183,20,UTTARAKHAND UP WEST,MEERUT,MEERUT,123,VACANCY,VACANCY
DMKD00605,20,UTTARAKHAND UP WEST,MEERUT,MEERUT,123,VACANCY,VACANCY
DMKD00438,20,UTTARAKHAND UP WEST,MEERUT,MEERUT,123,VACANCY,VACANCY
DMKD00184,20,UTTARAKHAND UP WEST,MEERUT,MEERUT,123,VACANCY,VACANCY
DMKD00359,20,UTTARAKHAND UP WEST,MEERUT,MEERUT,123,VACANCY,VACANCY
DMKD00439,20,UTTARAKHAND UP WEST,MEERUT,MEERUT,123,VACANCY,VACANCY
DMKD00185,20,UTTARAKHAND UP WEST,MEERUT,MEERUT,123,VACANCY,VACANCY
DMKD00360,20,UTTARAKHAND UP WEST,MEERUT,MEERUT,123,VACANCY,VACANCY
DMKD00186,20,UTTARAKHAND UP WEST,MEERUT,MEERUT,123,VACANCY,VACANCY
DMKD00187,20,UTTARAKHAND UP WEST,MEERUT,MEERUT,123,VACANCY,VACANCY
DMKD00361,20,UTTARAKHAND UP WEST,MEERUT,MEERUT,123,VACANCY,VACANCY
DMKD00441,20,UTTARAKHAND UP WEST,MEERUT,MEERUT,123,VACANCY,VACANCY
DMKD00362,20,UTTARAKHAND UP WEST,MEERUT,MEERUT,123,VACANCY,VACANCY
DMKD00189,20,UTTARAKHAND UP WEST,MEERUT,MEERUT,123,VACANCY,VACANCY
DMKD00442,20,UTTARAKHAND UP WEST,MEERUT,MEERUT,123,VACANCY,VACANCY
DMKD00363,20,UTTARAKHAND UP WEST,MEERUT,MEERUT,123,VACANCY,VACANCY
DMKD00190,20,UTTARAKHAND UP WEST,MEERUT,MEERUT,123,VACANCY,VACANCY
DMKD00443,20,UTTARAKHAND UP WEST,MEERUT,MEERUT,123,VACANCY,VACANCY
DMKD00606,20,UTTARAKHAND UP WEST,MEERUT,MEERUT,123,VACANCY,VACANCY
DMKD00444,20,UTTARAKHAND UP WEST,MEERUT,MEERUT,123,VACANCY,VACANCY
DMKD00446,20,UTTARAKHAND UP WEST,MEERUT,MEERUT,123,VACANCY,VACANCY
DMKD00364,20,UTTARAKHAND UP WEST,MEERUT,MEERUT,123,VACANCY,VACANCY
DMKD00191,20,UTTARAKHAND UP WEST,MEERUT,MEERUT,123,VACANCY,VACANCY
DMKD00608,20,UTTARAKHAND UP WEST,MEERUT,MEERUT,123,VACANCY,VACANCY
DMKD00192,20,UTTARAKHAND UP WEST,MEERUT,MEERUT,123,VACANCY,VACANCY
DMKD00447,20,UTTARAKHAND UP WEST,MEERUT,MEERUT,123,VACANCY,VACANCY
DMKD00609,20,UTTARAKHAND UP WEST,MEERUT,MEERUT,123,VACANCY,VACANCY
DMKD00193,20,UTTARAKHAND UP WEST,MEERUT,MEERUT,123,VACANCY,VACANCY
DMKD00610,20,UTTARAKHAND UP WEST,MEERUT,MEERUT,123,VACANCY,VACANCY
DMKD00448,20,UTTARAKHAND UP WEST,MEERUT,MEERUT,123,VACANCY,VACANCY
DMKD00365,20,UTTARAKHAND UP WEST,MEERUT,MEERUT,123,VACANCY,VACANCY
DMKD00195,20,UTTARAKHAND UP WEST,MEERUT,MEERUT,123,VACANCY,VACANCY
DMKD00449,20,UTTARAKHAND UP WEST,MEERUT,MEERUT,123,VACANCY,VACANCY
DMKD00611,20,UTTARAKHAND UP WEST,MEERUT,MEERUT,123,VACANCY,VACANCY
DMKD00366,20,UTTARAKHAND UP WEST,MEERUT,MEERUT,123,VACANCY,VACANCY
DMKD00450,20,UTTARAKHAND UP WEST,MEERUT,MEERUT,123,VACANCY,VACANCY
DMKD00196,20,UTTARAKHAND UP WEST,MEERUT,MEERUT,123,VACANCY,VACANCY
DMKD00612,20,UTTARAKHAND UP WEST,MEERUT,MEERUT,123,VACANCY,VACANCY
DMKD00367,20,UTTARAKHAND UP WEST,MEERUT,MEERUT,123,VACANCY,VACANCY
DMKD00197,20,UTTARAKHAND UP WEST,MEERUT,MEERUT,123,VACANCY,VACANCY
DMKD00451,20,UTTARAKHAND UP WEST,MEERUT,MEERUT,123,VACANCY,VACANCY
DMKD00198,20,UTTARAKHAND UP WEST,MEERUT,MEERUT,123,VACANCY,VACANCY
DMKD00368,20,UTTARAKHAND UP WEST,MEERUT,MEERUT,123,VACANCY,VACANCY
DMKD00613,20,UTTARAKHAND UP WEST,MEERUT,MEERUT,123,VACANCY,VACANCY
DMKD00614,20,UTTARAKHAND UP WEST,MEERUT,MEERUT,123,VACANCY,VACANCY
DMKD00369,20,UTTARAKHAND UP WEST,MEERUT,MEERUT,123,VACANCY,VACANCY
DMKD00615,20,UTTARAKHAND UP WEST,MEERUT,MEERUT,123,VACANCY,VACANCY
DMKD00453,20,UTTARAKHAND UP WEST,MEERUT,MEERUT,123,VACANCY,VACANCY
DMKD00199,20,UTTARAKHAND UP WEST,MEERUT,MEERUT,123,VACANCY,VACANCY
DMKD00370,20,UTTARAKHAND UP WEST,MEERUT,MEERUT,123,VACANCY,VACANCY
DMKD00454,20,UTTARAKHAND UP WEST,MEERUT,MEERUT,123,VACANCY,VACANCY
DMKD00200,20,UTTARAKHAND UP WEST,MEERUT,MEERUT,123,VACANCY,VACANCY
DMKD00371,20,UTTARAKHAND UP WEST,MEERUT,MEERUT,123,VACANCY,VACANCY
DMKD00616,20,UTTARAKHAND UP WEST,MEERUT,MEERUT,123,VACANCY,VACANCY
DMKD00455,20,UTTARAKHAND UP WEST,MEERUT,MEERUT,123,VACANCY,VACANCY
DMKD00201,20,UTTARAKHAND UP WEST,MEERUT,MEERUT,123,VACANCY,VACANCY
DMKD00456,20,UTTARAKHAND UP WEST,MEERUT,MEERUT,123,VACANCY,VACANCY
DMKD00202,20,UTTARAKHAND UP WEST,MEERUT,MEERUT,123,VACANCY,VACANCY
DMKD00617,20,UTTARAKHAND UP WEST,MEERUT,MEERUT,123,VACANCY,VACANCY
DMKD00372,20,UTTARAKHAND UP WEST,MEERUT,MEERUT,123,VACANCY,VACANCY
DMKD00203,20,UTTARAKHAND UP WEST,MEERUT,MEERUT,123,VACANCY,VACANCY
DMKD00618,20,UTTARAKHAND UP WEST,MEERUT,MEERUT,123,VACANCY,VACANCY
DMKD00373,20,UTTARAKHAND UP WEST,MEERUT,MEERUT,123,VACANCY,VACANCY
DMKD00204,20,UTTARAKHAND UP WEST,MEERUT,MEERUT,123,VACANCY,VACANCY
DMKD00458,20,UTTARAKHAND UP WEST,MEERUT,MEERUT,123,VACANCY,VACANCY
DMKD00619,20,UTTARAKHAND UP WEST,MEERUT,MEERUT,123,VACANCY,VACANCY
DMKD00374,20,UTTARAKHAND UP WEST,MEERUT,MEERUT,123,VACANCY,VACANCY
DMKD00459,20,UTTARAKHAND UP WEST,MEERUT,MEERUT,123,VACANCY,VACANCY
DMKD00375,20,UTTARAKHAND UP WEST,MEERUT,MEERUT,123,VACANCY,VACANCY
DMKD00620,20,UTTARAKHAND UP WEST,MEERUT,MEERUT,123,VACANCY,VACANCY
DMKD00376,20,UTTARAKHAND UP WEST,MEERUT,MEERUT,123,VACANCY,VACANCY
DMKD00074,20,UTTARAKHAND UP WEST,MEERUT,MEERUT,123,VACANCY,VACANCY
DMKD00206,20,UTTARAKHAND UP WEST,MEERUT,MEERUT,123,VACANCY,VACANCY
DMKD00461,20,UTTARAKHAND UP WEST,MEERUT,MEERUT,123,VACANCY,VACANCY
DMKD00377,20,UTTARAKHAND UP WEST,MEERUT,MEERUT,123,VACANCY,VACANCY
DMKD00462,20,UTTARAKHAND UP WEST,MEERUT,MEERUT,123,VACANCY,VACANCY
DMKD00075,20,UTTARAKHAND UP WEST,MEERUT,MEERUT,123,VACANCY,VACANCY
DMKD00378,20,UTTARAKHAND UP WEST,MEERUT,MEERUT,123,VACANCY,VACANCY
DMKD00463,20,UTTARAKHAND UP WEST,MEERUT,MEERUT,123,VACANCY,VACANCY
DMKD00076,20,UTTARAKHAND UP WEST,MEERUT,MEERUT,123,VACANCY,VACANCY
DMKD00464,20,UTTARAKHAND UP WEST,MEERUT,MEERUT,123,VACANCY,VACANCY
DMKD00379,20,UTTARAKHAND UP WEST,MEERUT,MEERUT,123,VACANCY,VACANCY
DMKD00077,20,UTTARAKHAND UP WEST,MEERUT,MEERUT,123,VACANCY,VACANCY
DMKD00465,20,UTTARAKHAND UP WEST,MEERUT,MEERUT,123,VACANCY,VACANCY
DMKD00380,20,UTTARAKHAND UP WEST,MEERUT,MEERUT,123,VACANCY,VACANCY
DMKD00207,20,UTTARAKHAND UP WEST,MEERUT,MEERUT,123,VACANCY,VACANCY
DMKD00078,20,UTTARAKHAND UP WEST,MEERUT,MEERUT,123,VACANCY,VACANCY
DMKD00466,20,UTTARAKHAND UP WEST,MEERUT,MEERUT,123,VACANCY,VACANCY
DMKD00381,20,UTTARAKHAND UP WEST,MEERUT,MEERUT,123,VACANCY,VACANCY
DMKD00105,20,UTTARAKHAND UP WEST,MEERUT,MEERUT,123,VACANCY,VACANCY
DMKD00042,20,UTTARAKHAND UP WEST,MEERUT,MEERUT,123,VACANCY,VACANCY
DMKD00106,20,UTTARAKHAND UP WEST,MEERUT,MEERUT,123,VACANCY,VACANCY
DMKD00107,20,UTTARAKHAND UP WEST,MEERUT,MEERUT,123,VACANCY,VACANCY
DMKD00492,20,UTTARAKHAND UP WEST,MEERUT,MEERUT,123,VACANCY,VACANCY
DMKD00043,20,UTTARAKHAND UP WEST,MEERUT,MEERUT,123,VACANCY,VACANCY
DMKD00493,20,UTTARAKHAND UP WEST,MEERUT,MEERUT,123,VACANCY,VACANCY
DMKD00044,20,UTTARAKHAND UP WEST,MEERUT,MEERUT,123,VACANCY,VACANCY
DMKD00494,20,UTTARAKHAND UP WEST,MEERUT,MEERUT,123,VACANCY,VACANCY
DMKD00495,20,UTTARAKHAND UP WEST,MEERUT,MEERUT,123,VACANCY,VACANCY
DMKD00109,20,UTTARAKHAND UP WEST,MEERUT,MEERUT,123,VACANCY,VACANCY
DMKD00045,20,UTTARAKHAND UP WEST,MEERUT,MEERUT,123,VACANCY,VACANCY
DMKD00496,20,UTTARAKHAND UP WEST,MEERUT,MEERUT,123,VACANCY,VACANCY
DMKD00110,20,UTTARAKHAND UP WEST,MEERUT,MEERUT,123,VACANCY,VACANCY
DMKD00046,20,UTTARAKHAND UP WEST,MEERUT,MEERUT,123,VACANCY,VACANCY
DMKD00498,20,UTTARAKHAND UP WEST,MEERUT,MEERUT,123,VACANCY,VACANCY
DMKD00047,20,UTTARAKHAND UP WEST,MEERUT,MEERUT,123,VACANCY,VACANCY
DMKD00643,20,UTTARAKHAND UP WEST,MEERUT,MEERUT,123,VACANCY,VACANCY
DMKD00111,20,UTTARAKHAND UP WEST,MEERUT,MEERUT,123,VACANCY,VACANCY
DMKD00499,20,UTTARAKHAND UP WEST,MEERUT,MEERUT,123,VACANCY,VACANCY
DMKD00048,20,UTTARAKHAND UP WEST,MEERUT,MEERUT,123,VACANCY,VACANCY
DMKD00644,20,UTTARAKHAND UP WEST,MEERUT,MEERUT,123,VACANCY,VACANCY
DMKD00112,20,UTTARAKHAND UP WEST,MEERUT,MEERUT,123,VACANCY,VACANCY
DMKD00645,20,UTTARAKHAND UP WEST,MEERUT,MEERUT,123,VACANCY,VACANCY
DMKD00049,20,UTTARAKHAND UP WEST,MEERUT,MEERUT,123,VACANCY,VACANCY
DMKD00500,20,UTTARAKHAND UP WEST,MEERUT,MEERUT,123,VACANCY,VACANCY
DMKD00646,20,UTTARAKHAND UP WEST,MEERUT,MEERUT,123,VACANCY,VACANCY